Rk,G,Date,Series,Tm,Unnamed: 5,Opp,G#,Unnamed: 8,GS,MP,FG,FGA,FG%,3P,3PA,3P%,FT,FTA,FT%,ORB,DRB,TRB,AST,STL,BLK,TOV,PF,PTS,GmSc,+/-,Away,Home,Outcome,Point Diff
1.0,1.0,2006-04-22,EC1,CLE,0,WAS,1.0,W (+11),1.0,48:00,12.0,27.0,0.444,1.0,4.0,0.25,7.0,11.0,0.636,3.0,8.0,11.0,11.0,0.0,0.0,4.0,3.0,32.0,23.3,11.0,0.0,1.0,W,11.0
2.0,2.0,2006-04-25,EC1,CLE,0,WAS,2.0,L (-5),1.0,43:28,7.0,25.0,0.28,1.0,6.0,0.167,11.0,15.0,0.733,2.0,7.0,9.0,2.0,2.0,3.0,10.0,5.0,26.0,6.7,-2.0,0.0,1.0,L,-5.0
3.0,3.0,2006-04-28,EC1,CLE,@,WAS,3.0,W (+1),1.0,47:37,16.0,28.0,0.571,3.0,5.0,0.6,6.0,9.0,0.667,1.0,4.0,5.0,3.0,2.0,0.0,4.0,3.0,41.0,27.4,1.0,1.0,0.0,W,1.0
4.0,4.0,2006-04-30,EC1,CLE,@,WAS,4.0,L (-10),1.0,45:20,13.0,23.0,0.565,7.0,12.0,0.583,5.0,7.0,0.714,1.0,5.0,6.0,5.0,0.0,0.0,7.0,5.0,38.0,23.0,-16.0,1.0,0.0,L,-10.0
5.0,5.0,2006-05-03,EC1,CLE,0,WAS,5.0,W (+1),1.0,46:07,14.0,23.0,0.609,0.0,1.0,0.0,17.0,18.0,0.944,5.0,2.0,7.0,6.0,2.0,0.0,4.0,5.0,45.0,38.4,-4.0,0.0,1.0,W,1.0
6.0,6.0,2006-05-05,EC1,CLE,@,WAS,6.0,W (+1),1.0,53:00,15.0,25.0,0.6,1.0,6.0,0.167,1.0,3.0,0.333,0.0,7.0,7.0,7.0,2.0,1.0,5.0,4.0,32.0,22.8,1.0,1.0,0.0,W,1.0
7.0,7.0,2006-05-07,ECS,CLE,@,DET,1.0,L (-27),1.0,36:00,9.0,18.0,0.5,2.0,5.0,0.4,2.0,2.0,1.0,1.0,3.0,4.0,4.0,0.0,0.0,4.0,3.0,22.0,12.2,-31.0,1.0,0.0,L,-27.0
8.0,8.0,2006-05-09,ECS,CLE,@,DET,2.0,L (-6),1.0,47:32,11.0,23.0,0.478,2.0,5.0,0.4,6.0,8.0,0.75,2.0,12.0,14.0,7.0,0.0,0.0,3.0,4.0,30.0,22.8,-4.0,1.0,0.0,L,-6.0
9.0,9.0,2006-05-13,ECS,CLE,0,DET,3.0,W (+9),1.0,48:00,9.0,18.0,0.5,1.0,4.0,0.25,2.0,2.0,1.0,0.0,10.0,10.0,10.0,4.0,1.0,4.0,2.0,21.0,21.9,9.0,0.0,1.0,W,9.0
10.0,10.0,2006-05-15,ECS,CLE,0,DET,4.0,W (+2),1.0,48:00,8.0,23.0,0.348,1.0,2.0,0.5,5.0,10.0,0.5,1.0,7.0,8.0,9.0,2.0,2.0,8.0,3.0,22.0,10.4,2.0,0.0,1.0,W,2.0
11.0,11.0,2006-05-17,ECS,CLE,@,DET,5.0,W (+2),1.0,46:50,13.0,30.0,0.433,1.0,4.0,0.25,5.0,7.0,0.714,3.0,2.0,5.0,5.0,2.0,1.0,2.0,3.0,32.0,21.1,2.0,1.0,0.0,W,2.0
12.0,12.0,2006-05-19,ECS,CLE,0,DET,6.0,L (-2),1.0,47:50,8.0,20.0,0.4,1.0,5.0,0.2,15.0,18.0,0.833,0.0,11.0,11.0,5.0,1.0,1.0,7.0,2.0,32.0,20.7,-2.0,0.0,1.0,L,-2.0
13.0,13.0,2006-05-21,ECS,CLE,@,DET,7.0,L (-18),1.0,46:45,11.0,24.0,0.458,0.0,4.0,0.0,5.0,8.0,0.625,3.0,5.0,8.0,2.0,1.0,0.0,3.0,2.0,27.0,15.6,-16.0,1.0,0.0,L,-18.0
14.0,1.0,2007-04-22,EC1,CLE,0,WAS,1.0,W (+15),1.0,44:19,7.0,14.0,0.5,0.0,2.0,0.0,9.0,11.0,0.818,2.0,7.0,9.0,7.0,2.0,0.0,1.0,1.0,23.0,24.2,17.0,0.0,1.0,W,15.0
15.0,2.0,2007-04-25,EC1,CLE,0,WAS,2.0,W (+7),1.0,45:00,8.0,22.0,0.364,0.0,3.0,0.0,11.0,13.0,0.846,4.0,4.0,8.0,7.0,1.0,2.0,2.0,2.0,27.0,22.5,12.0,0.0,1.0,W,7.0
16.0,3.0,2007-04-28,EC1,CLE,@,WAS,3.0,W (+6),1.0,46:02,11.0,22.0,0.5,3.0,5.0,0.6,5.0,7.0,0.714,0.0,6.0,6.0,9.0,1.0,0.0,2.0,3.0,30.0,24.1,6.0,1.0,0.0,W,6.0
17.0,4.0,2007-04-30,EC1,CLE,@,WAS,4.0,W (+7),1.0,46:11,8.0,22.0,0.364,1.0,5.0,0.2,14.0,17.0,0.824,3.0,8.0,11.0,7.0,3.0,1.0,2.0,3.0,31.0,27.5,12.0,1.0,0.0,W,7.0
18.0,5.0,2007-05-06,ECS,CLE,0,NJN,1.0,W (+4),1.0,46:01,8.0,21.0,0.381,1.0,4.0,0.25,4.0,6.0,0.667,2.0,9.0,11.0,7.0,1.0,1.0,3.0,2.0,21.0,15.6,6.0,0.0,1.0,W,4.0
19.0,6.0,2007-05-08,ECS,CLE,0,NJN,2.0,W (+10),1.0,45:49,12.0,24.0,0.5,3.0,7.0,0.429,9.0,13.0,0.692,0.0,1.0,1.0,12.0,3.0,0.0,2.0,2.0,36.0,31.3,8.0,0.0,1.0,W,10.0
20.0,7.0,2007-05-12,ECS,CLE,@,NJN,3.0,L (-11),1.0,44:08,5.0,16.0,0.313,1.0,5.0,0.2,7.0,7.0,1.0,0.0,6.0,6.0,12.0,0.0,0.0,2.0,2.0,18.0,16.2,-12.0,1.0,0.0,L,-11.0
21.0,8.0,2007-05-14,ECS,CLE,@,NJN,4.0,W (+2),1.0,46:20,9.0,16.0,0.563,2.0,3.0,0.667,10.0,15.0,0.667,0.0,9.0,9.0,7.0,0.0,0.0,3.0,1.0,30.0,24.6,9.0,1.0,0.0,W,2.0
22.0,9.0,2007-05-16,ECS,CLE,0,NJN,5.0,L (-11),1.0,42:47,5.0,14.0,0.357,0.0,2.0,0.0,10.0,11.0,0.909,3.0,6.0,9.0,5.0,2.0,1.0,5.0,4.0,20.0,15.3,-15.0,0.0,1.0,L,-11.0
23.0,10.0,2007-05-18,ECS,CLE,@,NJN,6.0,W (+16),1.0,38:53,8.0,20.0,0.4,1.0,5.0,0.2,6.0,9.0,0.667,1.0,7.0,8.0,8.0,1.0,0.0,2.0,4.0,23.0,16.8,26.0,1.0,0.0,W,16.0
24.0,11.0,2007-05-21,ECF,CLE,@,DET,1.0,L (-3),1.0,45:22,5.0,15.0,0.333,0.0,0.0,0.0,0.0,0.0,0.0,1.0,9.0,10.0,9.0,4.0,1.0,2.0,1.0,10.0,13.5,-5.0,1.0,0.0,L,-3.0
25.0,12.0,2007-05-24,ECF,CLE,@,DET,2.0,L (-3),1.0,44:41,7.0,19.0,0.368,0.0,1.0,0.0,5.0,7.0,0.714,0.0,6.0,6.0,7.0,3.0,0.0,6.0,1.0,19.0,11.0,-6.0,1.0,0.0,L,-3.0
26.0,13.0,2007-05-27,ECF,CLE,0,DET,3.0,W (+6),1.0,46:07,12.0,21.0,0.571,2.0,3.0,0.667,6.0,9.0,0.667,1.0,8.0,9.0,9.0,2.0,0.0,3.0,2.0,32.0,28.5,6.0,0.0,1.0,W,6.0
27.0,14.0,2007-05-29,ECF,CLE,0,DET,4.0,W (+4),1.0,44:17,8.0,19.0,0.421,1.0,5.0,0.2,8.0,9.0,0.889,0.0,7.0,7.0,11.0,3.0,0.0,3.0,0.0,25.0,24.3,-4.0,0.0,1.0,W,4.0
28.0,15.0,2007-05-31,ECF,CLE,@,DET,5.0,W (+2),1.0,50:18,18.0,33.0,0.545,2.0,3.0,0.667,10.0,14.0,0.714,3.0,6.0,9.0,7.0,2.0,0.0,2.0,3.0,48.0,38.1,2.0,1.0,0.0,W,2.0
29.0,16.0,2007-06-02,ECF,CLE,0,DET,6.0,W (+16),1.0,46:12,3.0,11.0,0.273,0.0,2.0,0.0,14.0,19.0,0.737,2.0,12.0,14.0,8.0,2.0,2.0,3.0,1.0,20.0,22.1,13.0,0.0,1.0,W,16.0
30.0,17.0,2007-06-07,FIN,CLE,@,SAS,1.0,L (-9),1.0,44:00,4.0,16.0,0.25,2.0,6.0,0.333,4.0,4.0,1.0,1.0,6.0,7.0,4.0,1.0,1.0,6.0,1.0,14.0,5.0,-5.0,1.0,0.0,L,-9.0
31.0,18.0,2007-06-10,FIN,CLE,@,SAS,2.0,L (-11),1.0,38:00,9.0,21.0,0.429,0.0,2.0,0.0,7.0,11.0,0.636,3.0,4.0,7.0,6.0,1.0,0.0,6.0,3.0,25.0,13.6,-5.0,1.0,0.0,L,-11.0
32.0,19.0,2007-06-12,FIN,CLE,0,SAS,3.0,L (-3),1.0,41:59,9.0,23.0,0.391,0.0,5.0,0.0,7.0,8.0,0.875,0.0,8.0,8.0,7.0,2.0,1.0,5.0,3.0,25.0,15.9,4.0,0.0,1.0,L,-3.0
33.0,20.0,2007-06-14,FIN,CLE,0,SAS,4.0,L (-1),1.0,46:29,10.0,30.0,0.333,2.0,7.0,0.286,2.0,6.0,0.333,0.0,6.0,6.0,10.0,0.0,0.0,6.0,1.0,24.0,7.8,2.0,0.0,1.0,L,-1.0
34.0,1.0,2008-04-19,EC1,CLE,0,WAS,1.0,W (+7),1.0,41:25,12.0,19.0,0.632,0.0,2.0,0.0,8.0,14.0,0.571,0.0,6.0,6.0,4.0,1.0,2.0,1.0,1.0,32.0,26.7,9.0,0.0,1.0,W,7.0
35.0,2.0,2008-04-21,EC1,CLE,0,WAS,2.0,W (+30),1.0,39:00,9.0,19.0,0.474,2.0,6.0,0.333,10.0,17.0,0.588,1.0,8.0,9.0,12.0,1.0,2.0,1.0,2.0,30.0,29.6,34.0,0.0,1.0,W,30.0
36.0,3.0,2008-04-24,EC1,CLE,@,WAS,3.0,L (-36),1.0,35:57,10.0,19.0,0.526,0.0,4.0,0.0,2.0,4.0,0.5,0.0,7.0,7.0,3.0,1.0,1.0,4.0,3.0,22.0,12.6,-24.0,1.0,0.0,L,-36.0
37.0,4.0,2008-04-27,EC1,CLE,@,WAS,4.0,W (+3),1.0,44:23,11.0,25.0,0.44,3.0,8.0,0.375,9.0,14.0,0.643,2.0,10.0,12.0,7.0,2.0,0.0,5.0,5.0,34.0,23.2,3.0,1.0,0.0,W,3.0
38.0,5.0,2008-04-30,EC1,CLE,0,WAS,5.0,L (-1),1.0,44:05,8.0,21.0,0.381,3.0,9.0,0.333,15.0,18.0,0.833,2.0,8.0,10.0,7.0,1.0,2.0,5.0,0.0,34.0,27.4,-3.0,0.0,1.0,L,-1.0
39.0,6.0,2008-05-02,EC1,CLE,@,WAS,6.0,W (+17),1.0,44:12,8.0,17.0,0.471,1.0,2.0,0.5,10.0,10.0,1.0,2.0,11.0,13.0,13.0,2.0,1.0,1.0,2.0,27.0,33.0,26.0,1.0,0.0,W,17.0
40.0,7.0,2008-05-06,ECS,CLE,@,BOS,1.0,L (-4),1.0,38:49,2.0,18.0,0.111,0.0,6.0,0.0,8.0,10.0,0.8,2.0,7.0,9.0,9.0,1.0,1.0,10.0,4.0,12.0,-0.7,-7.0,1.0,0.0,L,-4.0
41.0,8.0,2008-05-08,ECS,CLE,@,BOS,2.0,L (-16),1.0,41:38,6.0,24.0,0.25,0.0,4.0,0.0,9.0,13.0,0.692,2.0,3.0,5.0,6.0,2.0,1.0,7.0,1.0,21.0,6.8,-15.0,1.0,0.0,L,-16.0
42.0,9.0,2008-05-10,ECS,CLE,0,BOS,3.0,W (+24),1.0,40:15,5.0,16.0,0.313,3.0,5.0,0.6,8.0,12.0,0.667,0.0,5.0,5.0,8.0,4.0,3.0,2.0,3.0,21.0,20.2,29.0,0.0,1.0,W,24.0
43.0,10.0,2008-05-12,ECS,CLE,0,BOS,4.0,W (+11),1.0,44:00,7.0,20.0,0.35,2.0,5.0,0.4,5.0,8.0,0.625,1.0,5.0,6.0,13.0,3.0,2.0,4.0,3.0,21.0,19.1,15.0,0.0,1.0,W,11.0
44.0,11.0,2008-05-14,ECS,CLE,@,BOS,5.0,L (-7),1.0,44:43,12.0,25.0,0.48,0.0,5.0,0.0,11.0,13.0,0.846,0.0,3.0,3.0,5.0,1.0,1.0,4.0,3.0,35.0,22.4,-8.0,1.0,0.0,L,-7.0
45.0,12.0,2008-05-16,ECS,CLE,0,BOS,6.0,W (+5),1.0,46:39,9.0,23.0,0.391,1.0,3.0,0.333,13.0,15.0,0.867,3.0,9.0,12.0,6.0,2.0,1.0,8.0,2.0,32.0,21.6,7.0,0.0,1.0,W,5.0
46.0,13.0,2008-05-18,ECS,CLE,@,BOS,7.0,L (-5),1.0,46:48,14.0,29.0,0.483,3.0,11.0,0.273,14.0,19.0,0.737,1.0,4.0,5.0,6.0,2.0,0.0,2.0,4.0,45.0,32.8,0.0,1.0,0.0,L,-5.0
47.0,1.0,2009-04-18,EC1,CLE,0,DET,1.0,W (+18),1.0,40:52,13.0,20.0,0.65,1.0,4.0,0.25,11.0,14.0,0.786,0.0,8.0,8.0,7.0,1.0,0.0,0.0,1.0,38.0,35.9,22.0,0.0,1.0,W,18.0
48.0,2.0,2009-04-21,EC1,CLE,0,DET,2.0,W (+12),1.0,37:55,7.0,14.0,0.5,2.0,5.0,0.4,13.0,17.0,0.765,1.0,12.0,13.0,6.0,0.0,0.0,2.0,1.0,29.0,26.5,21.0,0.0,1.0,W,12.0
49.0,3.0,2009-04-24,EC1,CLE,@,DET,3.0,W (+11),1.0,42:44,9.0,19.0,0.474,0.0,5.0,0.0,7.0,11.0,0.636,2.0,9.0,11.0,9.0,3.0,2.0,2.0,0.0,25.0,26.5,13.0,1.0,0.0,W,11.0
50.0,4.0,2009-04-26,EC1,CLE,@,DET,4.0,W (+21),1.0,40:39,10.0,24.0,0.417,0.0,3.0,0.0,16.0,17.0,0.941,1.0,12.0,13.0,8.0,2.0,1.0,2.0,3.0,36.0,32.2,10.0,1.0,0.0,W,21.0
51.0,5.0,2009-05-05,ECS,CLE,0,ATL,1.0,W (+27),1.0,34:19,12.0,20.0,0.6,2.0,6.0,0.333,8.0,9.0,0.889,3.0,7.0,10.0,3.0,4.0,0.0,3.0,0.0,34.0,31.7,13.0,0.0,1.0,W,27.0
52.0,6.0,2009-05-07,ECS,CLE,0,ATL,2.0,W (+20),1.0,31:10,9.0,14.0,0.643,3.0,5.0,0.6,6.0,12.0,0.5,0.0,3.0,3.0,5.0,4.0,1.0,0.0,1.0,27.0,27.1,23.0,0.0,1.0,W,20.0
53.0,7.0,2009-05-09,ECS,CLE,@,ATL,3.0,W (+15),1.0,43:14,15.0,25.0,0.6,5.0,10.0,0.5,12.0,16.0,0.75,2.0,10.0,12.0,8.0,1.0,1.0,1.0,2.0,47.0,43.8,26.0,1.0,0.0,W,15.0
54.0,8.0,2009-05-11,ECS,CLE,@,ATL,4.0,W (+10),1.0,43:25,9.0,22.0,0.409,3.0,6.0,0.5,6.0,9.0,0.667,0.0,8.0,8.0,8.0,1.0,0.0,3.0,3.0,27.0,18.8,1.0,1.0,0.0,W,10.0
55.0,9.0,2009-05-20,ECF,CLE,0,ORL,1.0,L (-1),1.0,41:14,20.0,30.0,0.667,3.0,6.0,0.5,6.0,10.0,0.6,3.0,3.0,6.0,8.0,2.0,3.0,2.0,1.0,49.0,44.7,7.0,0.0,1.0,L,-1.0
56.0,10.0,2009-05-22,ECF,CLE,0,ORL,2.0,W (+1),1.0,42:32,12.0,23.0,0.522,1.0,3.0,0.333,10.0,12.0,0.833,2.0,2.0,4.0,5.0,1.0,0.0,6.0,3.0,35.0,22.2,-7.0,0.0,1.0,W,1.0
57.0,11.0,2009-05-24,ECF,CLE,@,ORL,3.0,L (-10),1.0,41:57,11.0,28.0,0.393,1.0,8.0,0.125,18.0,24.0,0.75,0.0,7.0,7.0,9.0,2.0,1.0,2.0,3.0,41.0,31.3,-12.0,1.0,0.0,L,-10.0
58.0,12.0,2009-05-26,ECF,CLE,@,ORL,4.0,L (-2),1.0,49:24,13.0,29.0,0.448,4.0,10.0,0.4,14.0,18.0,0.778,1.0,11.0,12.0,7.0,1.0,1.0,8.0,5.0,44.0,27.9,6.0,1.0,0.0,L,-2.0
59.0,13.0,2009-05-28,ECF,CLE,0,ORL,5.0,W (+10),1.0,45:30,11.0,24.0,0.458,0.0,2.0,0.0,15.0,19.0,0.789,3.0,11.0,14.0,12.0,1.0,1.0,4.0,3.0,37.0,33.3,11.0,0.0,1.0,W,10.0
60.0,14.0,2009-05-30,ECF,CLE,@,ORL,6.0,L (-13),1.0,44:53,8.0,20.0,0.4,2.0,8.0,0.25,7.0,11.0,0.636,1.0,6.0,7.0,7.0,0.0,1.0,3.0,4.0,25.0,16.1,-12.0,1.0,0.0,L,-13.0
61.0,1.0,2010-04-17,EC1,CLE,0,CHI,1.0,W (+13),1.0,40:14,9.0,19.0,0.474,0.0,1.0,0.0,6.0,7.0,0.857,0.0,6.0,6.0,5.0,1.0,4.0,3.0,2.0,24.0,19.2,19.0,0.0,1.0,W,13.0
62.0,2.0,2010-04-19,EC1,CLE,0,CHI,2.0,W (+10),1.0,41:05,16.0,23.0,0.696,2.0,4.0,0.5,6.0,6.0,1.0,1.0,7.0,8.0,8.0,1.0,2.0,2.0,2.0,40.0,38.3,6.0,0.0,1.0,W,10.0
63.0,3.0,2010-04-22,EC1,CLE,@,CHI,3.0,L (-2),1.0,44:16,14.0,26.0,0.538,4.0,8.0,0.5,7.0,13.0,0.538,2.0,8.0,10.0,8.0,2.0,3.0,5.0,3.0,39.0,31.3,5.0,1.0,0.0,L,-2.0
64.0,4.0,2010-04-25,EC1,CLE,@,CHI,4.0,W (+23),1.0,36:24,11.0,17.0,0.647,6.0,9.0,0.667,9.0,10.0,0.9,0.0,12.0,12.0,11.0,2.0,1.0,2.0,3.0,37.0,39.9,29.0,1.0,0.0,W,23.0
65.0,5.0,2010-04-27,EC1,CLE,0,CHI,5.0,W (+2),1.0,43:13,5.0,12.0,0.417,1.0,2.0,0.5,8.0,14.0,0.571,3.0,7.0,10.0,9.0,0.0,2.0,3.0,1.0,19.0,18.7,1.0,0.0,1.0,W,2.0
66.0,6.0,2010-05-01,ECS,CLE,0,BOS,1.0,W (+8),1.0,43:12,12.0,24.0,0.5,3.0,6.0,0.5,8.0,11.0,0.727,2.0,5.0,7.0,7.0,3.0,2.0,2.0,1.0,35.0,31.6,7.0,0.0,1.0,W,8.0
67.0,7.0,2010-05-03,ECS,CLE,0,BOS,2.0,L (-18),1.0,41:09,7.0,15.0,0.467,0.0,4.0,0.0,10.0,15.0,0.667,0.0,7.0,7.0,4.0,3.0,2.0,5.0,1.0,24.0,18.2,-16.0,0.0,1.0,L,-18.0
68.0,8.0,2010-05-07,ECS,CLE,@,BOS,3.0,W (+29),1.0,39:16,14.0,22.0,0.636,2.0,3.0,0.667,8.0,9.0,0.889,2.0,6.0,8.0,7.0,1.0,2.0,1.0,1.0,38.0,36.9,30.0,1.0,0.0,W,29.0
69.0,9.0,2010-05-09,ECS,CLE,@,BOS,4.0,L (-10),1.0,43:14,7.0,18.0,0.389,0.0,5.0,0.0,8.0,11.0,0.727,1.0,8.0,9.0,8.0,2.0,1.0,7.0,4.0,22.0,13.8,-10.0,1.0,0.0,L,-10.0
70.0,10.0,2010-05-11,ECS,CLE,0,BOS,5.0,L (-32),1.0,41:40,3.0,14.0,0.214,0.0,4.0,0.0,9.0,12.0,0.75,1.0,5.0,6.0,7.0,1.0,0.0,3.0,3.0,15.0,9.1,-22.0,0.0,1.0,L,-32.0
71.0,11.0,2010-05-13,ECS,CLE,@,BOS,6.0,L (-9),1.0,46:12,8.0,21.0,0.381,2.0,4.0,0.5,9.0,12.0,0.75,3.0,16.0,19.0,10.0,3.0,1.0,9.0,2.0,27.0,22.1,-5.0,1.0,0.0,L,-9.0
72.0,1.0,2011-04-16,EC1,MIA,0,PHI,1.0,W (+8),1.0,42:43,4.0,14.0,0.286,0.0,2.0,0.0,13.0,14.0,0.929,4.0,10.0,14.0,5.0,1.0,3.0,2.0,3.0,21.0,21.6,4.0,0.0,1.0,W,8.0
73.0,2.0,2011-04-18,EC1,MIA,0,PHI,2.0,W (+21),1.0,38:55,10.0,19.0,0.526,1.0,1.0,1.0,8.0,10.0,0.8,1.0,6.0,7.0,6.0,0.0,0.0,0.0,1.0,29.0,25.2,24.0,0.0,1.0,W,21.0
74.0,3.0,2011-04-21,EC1,MIA,@,PHI,3.0,W (+6),1.0,44:16,8.0,15.0,0.533,1.0,4.0,0.25,7.0,10.0,0.7,1.0,14.0,15.0,6.0,1.0,0.0,1.0,1.0,24.0,24.2,8.0,1.0,0.0,W,6.0
75.0,4.0,2011-04-24,EC1,MIA,@,PHI,4.0,L (-4),1.0,43:33,11.0,20.0,0.55,0.0,4.0,0.0,9.0,11.0,0.818,2.0,5.0,7.0,6.0,1.0,1.0,1.0,2.0,31.0,27.6,-4.0,1.0,0.0,L,-4.0
76.0,5.0,2011-04-27,EC1,MIA,0,PHI,5.0,W (+6),1.0,41:40,5.0,13.0,0.385,2.0,5.0,0.4,4.0,5.0,0.8,3.0,7.0,10.0,8.0,1.0,0.0,3.0,2.0,16.0,15.5,5.0,0.0,1.0,W,6.0
77.0,6.0,2011-05-01,ECS,MIA,0,BOS,1.0,W (+9),1.0,39:54,8.0,19.0,0.421,1.0,3.0,0.333,5.0,9.0,0.556,1.0,5.0,6.0,5.0,2.0,2.0,3.0,2.0,22.0,15.6,1.0,0.0,1.0,W,9.0
78.0,7.0,2011-05-03,ECS,MIA,0,BOS,2.0,W (+11),1.0,44:03,14.0,25.0,0.56,2.0,4.0,0.5,5.0,8.0,0.625,2.0,5.0,7.0,2.0,1.0,1.0,0.0,3.0,35.0,26.7,10.0,0.0,1.0,W,11.0
79.0,8.0,2011-05-07,ECS,MIA,@,BOS,3.0,L (-16),1.0,42:48,6.0,16.0,0.375,0.0,3.0,0.0,3.0,7.0,0.429,2.0,5.0,7.0,4.0,2.0,5.0,4.0,3.0,15.0,10.6,-21.0,1.0,0.0,L,-16.0
80.0,9.0,2011-05-09,ECS,MIA,@,BOS,4.0,W (+8),1.0,50:17,12.0,28.0,0.429,2.0,6.0,0.333,9.0,9.0,1.0,3.0,11.0,14.0,3.0,3.0,0.0,5.0,3.0,35.0,24.5,7.0,1.0,0.0,W,8.0
81.0,10.0,2011-05-11,ECS,MIA,0,BOS,5.0,W (+10),1.0,45:43,11.0,20.0,0.55,5.0,7.0,0.714,6.0,9.0,0.667,2.0,5.0,7.0,4.0,1.0,1.0,5.0,1.0,33.0,24.2,14.0,0.0,1.0,W,10.0
82.0,11.0,2011-05-15,ECF,MIA,@,CHI,1.0,L (-21),1.0,41:12,5.0,15.0,0.333,1.0,3.0,0.333,4.0,4.0,1.0,1.0,5.0,6.0,6.0,2.0,3.0,4.0,2.0,15.0,12.2,-14.0,1.0,0.0,L,-21.0
83.0,12.0,2011-05-18,ECF,MIA,@,CHI,2.0,W (+10),1.0,45:39,12.0,21.0,0.571,2.0,6.0,0.333,3.0,7.0,0.429,3.0,7.0,10.0,5.0,3.0,0.0,5.0,3.0,29.0,22.0,8.0,1.0,0.0,W,10.0
84.0,13.0,2011-05-22,ECF,MIA,0,CHI,3.0,W (+11),1.0,43:55,6.0,13.0,0.462,1.0,2.0,0.5,9.0,9.0,1.0,1.0,5.0,6.0,10.0,2.0,2.0,0.0,4.0,22.0,26.3,16.0,0.0,1.0,W,11.0
85.0,14.0,2011-05-24,ECF,MIA,0,CHI,4.0,W (+8),1.0,49:23,11.0,26.0,0.423,0.0,1.0,0.0,13.0,13.0,1.0,2.0,4.0,6.0,6.0,2.0,2.0,5.0,4.0,35.0,24.8,-1.0,0.0,1.0,W,8.0
86.0,15.0,2011-05-26,ECF,MIA,@,CHI,5.0,W (+3),1.0,45:46,8.0,19.0,0.421,3.0,6.0,0.5,9.0,11.0,0.818,0.0,11.0,11.0,6.0,3.0,2.0,4.0,2.0,28.0,24.2,8.0,1.0,0.0,W,3.0
87.0,16.0,2011-05-31,FIN,MIA,0,DAL,1.0,W (+8),1.0,45:15,9.0,16.0,0.563,4.0,5.0,0.8,2.0,2.0,1.0,0.0,9.0,9.0,5.0,1.0,0.0,1.0,4.0,24.0,21.0,9.0,0.0,1.0,W,8.0
88.0,17.0,2011-06-02,FIN,MIA,0,DAL,2.0,L (-2),1.0,39:37,8.0,15.0,0.533,2.0,7.0,0.286,2.0,4.0,0.5,1.0,7.0,8.0,4.0,4.0,1.0,5.0,4.0,20.0,15.6,-5.0,0.0,1.0,L,-2.0
89.0,18.0,2011-06-05,FIN,MIA,@,DAL,3.0,W (+2),1.0,45:15,6.0,14.0,0.429,1.0,4.0,0.25,4.0,4.0,1.0,0.0,3.0,3.0,9.0,2.0,0.0,4.0,3.0,17.0,13.6,1.0,1.0,0.0,W,2.0
90.0,19.0,2011-06-07,FIN,MIA,@,DAL,4.0,L (-3),1.0,45:43,3.0,11.0,0.273,0.0,3.0,0.0,2.0,4.0,0.5,3.0,6.0,9.0,7.0,2.0,0.0,4.0,4.0,8.0,5.9,-6.0,1.0,0.0,L,-3.0
91.0,20.0,2011-06-09,FIN,MIA,@,DAL,5.0,L (-9),1.0,45:38,8.0,19.0,0.421,0.0,4.0,0.0,1.0,2.0,0.5,1.0,9.0,10.0,10.0,0.0,1.0,4.0,3.0,17.0,12.4,-11.0,1.0,0.0,L,-9.0
92.0,21.0,2011-06-12,FIN,MIA,0,DAL,6.0,L (-10),1.0,40:21,9.0,15.0,0.6,2.0,5.0,0.4,1.0,4.0,0.25,1.0,3.0,4.0,6.0,1.0,1.0,6.0,2.0,21.0,13.6,-24.0,0.0,1.0,L,-10.0
93.0,1.0,2012-04-28,EC1,MIA,0,NYK,1.0,W (+33),1.0,31:41,10.0,14.0,0.714,1.0,1.0,1.0,11.0,14.0,0.786,1.0,3.0,4.0,3.0,4.0,0.0,2.0,2.0,32.0,29.9,35.0,0.0,1.0,W,33.0
94.0,2.0,2012-04-30,EC1,MIA,0,NYK,2.0,W (+10),1.0,40:35,8.0,18.0,0.444,0.0,3.0,0.0,3.0,7.0,0.429,1.0,6.0,7.0,9.0,2.0,0.0,2.0,1.0,19.0,16.4,10.0,0.0,1.0,W,10.0
95.0,3.0,2012-05-03,EC1,MIA,@,NYK,3.0,W (+17),1.0,35:50,9.0,21.0,0.429,2.0,5.0,0.4,12.0,13.0,0.923,2.0,6.0,8.0,5.0,2.0,0.0,8.0,5.0,32.0,19.2,23.0,1.0,0.0,W,17.0
96.0,4.0,2012-05-06,EC1,MIA,@,NYK,4.0,L (-2),1.0,41:27,9.0,21.0,0.429,2.0,5.0,0.4,7.0,8.0,0.875,0.0,4.0,4.0,4.0,1.0,0.0,5.0,4.0,27.0,13.9,-7.0,1.0,0.0,L,-2.0
97.0,5.0,2012-05-09,EC1,MIA,0,NYK,5.0,W (+12),1.0,39:38,7.0,16.0,0.438,2.0,6.0,0.333,13.0,15.0,0.867,1.0,7.0,8.0,7.0,2.0,1.0,4.0,2.0,29.0,25.4,6.0,0.0,1.0,W,12.0
98.0,6.0,2012-05-13,ECS,MIA,0,IND,1.0,W (+9),1.0,43:15,12.0,26.0,0.462,0.0,3.0,0.0,8.0,10.0,0.8,6.0,9.0,15.0,5.0,2.0,1.0,1.0,1.0,32.0,29.5,12.0,0.0,1.0,W,9.0
99.0,7.0,2012-05-15,ECS,MIA,0,IND,2.0,L (-3),1.0,42:49,10.0,22.0,0.455,0.0,4.0,0.0,8.0,13.0,0.615,4.0,5.0,9.0,5.0,6.0,0.0,2.0,0.0,28.0,26.4,-7.0,0.0,1.0,L,-3.0
100.0,8.0,2012-05-17,ECS,MIA,@,IND,3.0,L (-19),1.0,40:06,10.0,22.0,0.455,1.0,4.0,0.25,1.0,3.0,0.333,1.0,6.0,7.0,3.0,2.0,0.0,4.0,1.0,22.0,12.0,-9.0,1.0,0.0,L,-19.0
101.0,9.0,2012-05-20,ECS,MIA,@,IND,4.0,W (+8),1.0,43:54,14.0,27.0,0.519,0.0,0.0,0.0,12.0,16.0,0.75,6.0,12.0,18.0,9.0,2.0,2.0,5.0,1.0,40.0,37.2,4.0,1.0,0.0,W,8.0
102.0,10.0,2012-05-22,ECS,MIA,0,IND,5.0,W (+32),1.0,38:09,12.0,19.0,0.632,2.0,4.0,0.5,4.0,4.0,1.0,3.0,7.0,10.0,8.0,1.0,1.0,4.0,1.0,30.0,28.6,28.0,0.0,1.0,W,32.0
103.0,11.0,2012-05-24,ECS,MIA,@,IND,6.0,W (+12),1.0,44:46,12.0,23.0,0.522,0.0,3.0,0.0,4.0,5.0,0.8,1.0,5.0,6.0,7.0,3.0,0.0,1.0,1.0,28.0,25.0,16.0,1.0,0.0,W,12.0
104.0,12.0,2012-05-28,ECF,MIA,0,BOS,1.0,W (+14),1.0,43:53,13.0,22.0,0.591,0.0,3.0,0.0,6.0,9.0,0.667,1.0,12.0,13.0,3.0,1.0,3.0,3.0,2.0,32.0,26.3,17.0,0.0,1.0,W,14.0
105.0,13.0,2012-05-30,ECF,MIA,0,BOS,2.0,W (+4),1.0,47:39,7.0,20.0,0.35,2.0,6.0,0.333,18.0,24.0,0.75,4.0,6.0,10.0,7.0,1.0,1.0,1.0,2.0,34.0,29.8,10.0,0.0,1.0,W,4.0
106.0,14.0,2012-06-01,ECF,MIA,@,BOS,3.0,L (-10),1.0,43:18,16.0,26.0,0.615,1.0,4.0,0.25,1.0,5.0,0.2,0.0,8.0,8.0,5.0,2.0,2.0,3.0,4.0,34.0,25.3,-6.0,1.0,0.0,L,-10.0
107.0,15.0,2012-06-03,ECF,MIA,@,BOS,4.0,L (-2),1.0,48:06,12.0,25.0,0.48,1.0,3.0,0.333,4.0,8.0,0.5,1.0,5.0,6.0,3.0,1.0,1.0,7.0,6.0,29.0,11.3,1.0,1.0,0.0,L,-2.0
108.0,16.0,2012-06-05,ECF,MIA,0,BOS,5.0,L (-4),1.0,45:20,11.0,25.0,0.44,2.0,6.0,0.333,6.0,8.0,0.75,3.0,10.0,13.0,2.0,2.0,1.0,3.0,1.0,30.0,21.9,0.0,0.0,1.0,L,-4.0
109.0,17.0,2012-06-07,ECF,MIA,@,BOS,6.0,W (+19),1.0,44:49,19.0,26.0,0.731,2.0,4.0,0.5,5.0,9.0,0.556,2.0,13.0,15.0,5.0,0.0,0.0,4.0,3.0,45.0,36.4,22.0,1.0,0.0,W,19.0
110.0,18.0,2012-06-09,ECF,MIA,0,BOS,7.0,W (+13),1.0,47:32,9.0,21.0,0.429,1.0,5.0,0.2,12.0,17.0,0.706,2.0,10.0,12.0,2.0,1.0,1.0,3.0,0.0,31.0,22.4,13.0,0.0,1.0,W,13.0
111.0,19.0,2012-06-12,FIN,MIA,@,OKC,1.0,L (-11),1.0,45:50,11.0,24.0,0.458,1.0,3.0,0.333,7.0,9.0,0.778,1.0,8.0,9.0,4.0,4.0,0.0,4.0,1.0,30.0,22.3,-11.0,1.0,0.0,L,-11.0
112.0,20.0,2012-06-14,FIN,MIA,@,OKC,2.0,W (+4),1.0,42:19,10.0,22.0,0.455,0.0,2.0,0.0,12.0,12.0,1.0,2.0,6.0,8.0,5.0,1.0,0.0,2.0,4.0,32.0,24.7,6.0,1.0,0.0,W,4.0
113.0,21.0,2012-06-17,FIN,MIA,0,OKC,3.0,W (+6),1.0,43:50,11.0,23.0,0.478,1.0,4.0,0.25,6.0,8.0,0.75,5.0,9.0,14.0,3.0,0.0,0.0,4.0,1.0,29.0,20.4,8.0,0.0,1.0,W,6.0
114.0,22.0,2012-06-19,FIN,MIA,0,OKC,4.0,W (+6),1.0,44:21,10.0,20.0,0.5,1.0,4.0,0.25,5.0,8.0,0.625,3.0,6.0,9.0,12.0,2.0,0.0,3.0,2.0,26.0,25.3,8.0,0.0,1.0,W,6.0
115.0,23.0,2012-06-21,FIN,MIA,0,OKC,5.0,W (+15),1.0,44:09,9.0,19.0,0.474,0.0,3.0,0.0,8.0,9.0,0.889,4.0,7.0,11.0,13.0,1.0,2.0,6.0,2.0,26.0,25.5,20.0,0.0,1.0,W,15.0
116.0,1.0,2013-04-21,EC1,MIA,0,MIL,1.0,W (+23),1.0,34:31,9.0,11.0,0.818,1.0,2.0,0.5,8.0,11.0,0.727,2.0,8.0,10.0,8.0,0.0,0.0,5.0,2.0,27.0,25.3,14.0,0.0,1.0,W,23.0
117.0,2.0,2013-04-23,EC1,MIA,0,MIL,2.0,W (+12),1.0,38:39,6.0,14.0,0.429,0.0,3.0,0.0,7.0,8.0,0.875,1.0,7.0,8.0,6.0,1.0,0.0,4.0,2.0,19.0,14.4,13.0,0.0,1.0,W,12.0
118.0,3.0,2013-04-25,EC1,MIA,@,MIL,3.0,W (+13),1.0,32:48,9.0,14.0,0.643,2.0,4.0,0.5,2.0,4.0,0.5,0.0,5.0,5.0,6.0,0.0,0.0,5.0,2.0,22.0,14.9,14.0,1.0,0.0,W,13.0
119.0,4.0,2013-04-28,EC1,MIA,@,MIL,4.0,W (+11),1.0,41:06,13.0,20.0,0.65,0.0,2.0,0.0,4.0,7.0,0.571,2.0,6.0,8.0,7.0,3.0,1.0,5.0,3.0,30.0,25.6,16.0,1.0,0.0,W,11.0
120.0,5.0,2013-05-06,ECS,MIA,0,CHI,1.0,L (-7),1.0,43:44,8.0,17.0,0.471,1.0,3.0,0.333,7.0,9.0,0.778,2.0,6.0,8.0,7.0,2.0,1.0,2.0,2.0,24.0,22.5,-15.0,0.0,1.0,L,-7.0
121.0,6.0,2013-05-08,ECS,MIA,0,CHI,2.0,W (+37),1.0,32:29,7.0,12.0,0.583,1.0,3.0,0.333,4.0,8.0,0.5,0.0,5.0,5.0,9.0,3.0,0.0,3.0,1.0,19.0,19.2,25.0,0.0,1.0,W,37.0
122.0,7.0,2013-05-10,ECS,MIA,@,CHI,3.0,W (+10),1.0,44:25,6.0,17.0,0.353,2.0,4.0,0.5,11.0,11.0,1.0,0.0,8.0,8.0,7.0,2.0,0.0,1.0,0.0,25.0,23.8,7.0,1.0,0.0,W,10.0
123.0,8.0,2013-05-13,ECS,MIA,@,CHI,4.0,W (+23),1.0,43:12,9.0,20.0,0.45,1.0,4.0,0.25,8.0,9.0,0.889,0.0,7.0,7.0,8.0,2.0,0.0,5.0,0.0,27.0,20.9,27.0,1.0,0.0,W,23.0
124.0,9.0,2013-05-15,ECS,MIA,0,CHI,5.0,W (+3),1.0,44:26,5.0,14.0,0.357,1.0,3.0,0.333,12.0,15.0,0.8,0.0,7.0,7.0,8.0,2.0,0.0,2.0,3.0,23.0,20.5,4.0,0.0,1.0,W,3.0
125.0,10.0,2013-05-22,ECF,MIA,0,IND,1.0,W (+1),1.0,46:33,12.0,24.0,0.5,2.0,6.0,0.333,4.0,7.0,0.571,3.0,7.0,10.0,10.0,0.0,3.0,4.0,5.0,30.0,24.1,3.0,0.0,1.0,W,1.0
126.0,11.0,2013-05-24,ECF,MIA,0,IND,2.0,L (-4),1.0,45:17,14.0,20.0,0.7,3.0,7.0,0.429,5.0,7.0,0.714,4.0,4.0,8.0,3.0,3.0,1.0,5.0,3.0,36.0,30.4,-7.0,0.0,1.0,L,-4.0
127.0,12.0,2013-05-26,ECF,MIA,@,IND,3.0,W (+18),1.0,41:13,8.0,17.0,0.471,0.0,1.0,0.0,6.0,6.0,1.0,0.0,4.0,4.0,3.0,0.0,0.0,0.0,0.0,22.0,16.6,22.0,1.0,0.0,W,18.0
128.0,13.0,2013-05-28,ECF,MIA,@,IND,4.0,L (-7),1.0,43:19,8.0,18.0,0.444,4.0,7.0,0.571,4.0,6.0,0.667,4.0,2.0,6.0,5.0,1.0,3.0,2.0,6.0,24.0,19.4,-3.0,1.0,0.0,L,-7.0
129.0,14.0,2013-05-30,ECF,MIA,0,IND,5.0,W (+11),1.0,44:29,13.0,26.0,0.5,3.0,7.0,0.429,1.0,4.0,0.25,0.0,8.0,8.0,6.0,2.0,1.0,3.0,1.0,30.0,21.7,14.0,0.0,1.0,W,11.0
130.0,15.0,2013-06-01,ECF,MIA,@,IND,6.0,L (-14),1.0,42:17,10.0,21.0,0.476,2.0,4.0,0.5,7.0,8.0,0.875,0.0,7.0,7.0,6.0,2.0,1.0,4.0,2.0,29.0,22.1,-22.0,1.0,0.0,L,-14.0
131.0,16.0,2013-06-03,ECF,MIA,0,IND,7.0,W (+23),1.0,40:49,8.0,17.0,0.471,1.0,2.0,0.5,15.0,16.0,0.938,2.0,6.0,8.0,4.0,2.0,1.0,2.0,1.0,32.0,29.2,21.0,0.0,1.0,W,23.0
132.0,17.0,2013-06-06,FIN,MIA,0,SAS,1.0,L (-4),1.0,41:35,7.0,16.0,0.438,1.0,5.0,0.2,3.0,4.0,0.75,2.0,16.0,18.0,10.0,0.0,0.0,2.0,0.0,18.0,20.4,-3.0,0.0,1.0,L,-4.0
133.0,18.0,2013-06-09,FIN,MIA,0,SAS,2.0,W (+19),1.0,40:33,7.0,17.0,0.412,1.0,3.0,0.333,2.0,2.0,1.0,1.0,7.0,8.0,7.0,3.0,3.0,2.0,2.0,17.0,17.9,29.0,0.0,1.0,W,19.0
134.0,19.0,2013-06-11,FIN,MIA,@,SAS,3.0,L (-36),1.0,39:07,7.0,21.0,0.333,1.0,5.0,0.2,0.0,0.0,0.0,1.0,10.0,11.0,5.0,2.0,0.0,2.0,0.0,15.0,10.3,-32.0,1.0,0.0,L,-36.0
135.0,20.0,2013-06-13,FIN,MIA,@,SAS,4.0,W (+16),1.0,41:23,15.0,25.0,0.6,1.0,2.0,0.5,2.0,4.0,0.5,3.0,8.0,11.0,4.0,2.0,2.0,1.0,2.0,33.0,29.6,8.0,1.0,0.0,W,16.0
136.0,21.0,2013-06-16,FIN,MIA,@,SAS,5.0,L (-10),1.0,43:41,8.0,22.0,0.364,2.0,4.0,0.5,7.0,9.0,0.778,3.0,3.0,6.0,8.0,4.0,0.0,3.0,1.0,25.0,21.2,-9.0,1.0,0.0,L,-10.0
137.0,22.0,2013-06-18,FIN,MIA,0,SAS,6.0,W (+3),1.0,49:46,11.0,26.0,0.423,1.0,5.0,0.2,9.0,12.0,0.75,4.0,6.0,10.0,11.0,3.0,1.0,6.0,3.0,32.0,25.8,-1.0,0.0,1.0,W,3.0
138.0,23.0,2013-06-20,FIN,MIA,0,SAS,7.0,W (+7),1.0,45:00,12.0,23.0,0.522,5.0,10.0,0.5,8.0,8.0,1.0,3.0,9.0,12.0,4.0,2.0,0.0,2.0,2.0,37.0,32.5,8.0,0.0,1.0,W,7.0
139.0,1.0,2014-04-20,EC1,MIA,0,CHA,1.0,W (+11),1.0,38:32,8.0,16.0,0.5,4.0,8.0,0.5,7.0,10.0,0.7,0.0,9.0,9.0,1.0,0.0,0.0,3.0,1.0,27.0,17.8,0.0,0.0,1.0,W,11.0
140.0,2.0,2014-04-23,EC1,MIA,0,CHA,2.0,W (+4),1.0,39:50,11.0,17.0,0.647,1.0,5.0,0.2,9.0,12.0,0.75,0.0,6.0,6.0,8.0,4.0,0.0,4.0,2.0,32.0,29.9,6.0,0.0,1.0,W,4.0
141.0,3.0,2014-04-26,EC1,MIA,@,CHA,3.0,W (+13),1.0,35:59,10.0,18.0,0.556,1.0,2.0,0.5,9.0,10.0,0.9,0.0,10.0,10.0,6.0,2.0,0.0,2.0,1.0,30.0,27.8,20.0,1.0,0.0,W,13.0
142.0,4.0,2014-04-28,EC1,MIA,@,CHA,4.0,W (+11),1.0,42:54,10.0,19.0,0.526,1.0,5.0,0.2,10.0,12.0,0.833,0.0,7.0,7.0,9.0,3.0,1.0,2.0,3.0,31.0,29.8,12.0,1.0,0.0,W,11.0
143.0,5.0,2014-05-06,ECS,MIA,0,BRK,1.0,W (+21),1.0,36:21,10.0,15.0,0.667,0.0,0.0,0.0,2.0,2.0,1.0,1.0,4.0,5.0,3.0,0.0,0.0,1.0,2.0,22.0,17.7,10.0,0.0,1.0,W,21.0
144.0,6.0,2014-05-08,ECS,MIA,0,BRK,2.0,W (+12),1.0,39:07,9.0,18.0,0.5,0.0,3.0,0.0,4.0,6.0,0.667,0.0,4.0,4.0,3.0,2.0,1.0,2.0,2.0,22.0,15.4,6.0,0.0,1.0,W,12.0
145.0,7.0,2014-05-10,ECS,MIA,@,BRK,3.0,L (-14),1.0,39:39,8.0,15.0,0.533,3.0,7.0,0.429,9.0,10.0,0.9,0.0,8.0,8.0,5.0,1.0,1.0,2.0,2.0,28.0,25.1,-14.0,1.0,0.0,L,-14.0
146.0,8.0,2014-05-12,ECS,MIA,@,BRK,4.0,W (+6),1.0,43:28,16.0,24.0,0.667,3.0,6.0,0.5,14.0,19.0,0.737,0.0,6.0,6.0,2.0,3.0,0.0,1.0,5.0,49.0,39.8,13.0,1.0,0.0,W,6.0
147.0,9.0,2014-05-14,ECS,MIA,0,BRK,5.0,W (+2),1.0,43:36,6.0,14.0,0.429,2.0,5.0,0.4,15.0,17.0,0.882,2.0,7.0,9.0,5.0,0.0,1.0,5.0,1.0,29.0,23.1,4.0,0.0,1.0,W,2.0
148.0,10.0,2014-05-18,ECF,MIA,@,IND,1.0,L (-11),1.0,40:50,11.0,18.0,0.611,1.0,5.0,0.2,2.0,2.0,1.0,1.0,9.0,10.0,5.0,3.0,0.0,4.0,3.0,25.0,21.5,-13.0,1.0,0.0,L,-11.0
149.0,11.0,2014-05-20,ECF,MIA,@,IND,2.0,W (+4),1.0,42:21,9.0,18.0,0.5,1.0,5.0,0.2,3.0,6.0,0.5,0.0,7.0,7.0,6.0,2.0,3.0,3.0,3.0,22.0,18.0,4.0,1.0,0.0,W,4.0
150.0,12.0,2014-05-24,ECF,MIA,0,IND,3.0,W (+12),1.0,39:46,9.0,14.0,0.643,1.0,2.0,0.5,7.0,9.0,0.778,1.0,4.0,5.0,7.0,3.0,0.0,6.0,2.0,26.0,22.0,24.0,0.0,1.0,W,12.0
151.0,13.0,2014-05-26,ECF,MIA,0,IND,4.0,W (+12),1.0,35:48,13.0,21.0,0.619,2.0,3.0,0.667,4.0,4.0,1.0,0.0,10.0,10.0,5.0,2.0,0.0,2.0,3.0,32.0,27.8,10.0,0.0,1.0,W,12.0
152.0,14.0,2014-05-28,ECF,MIA,@,IND,5.0,L (-3),1.0,24:21,2.0,10.0,0.2,1.0,3.0,0.333,2.0,3.0,0.667,1.0,1.0,2.0,4.0,0.0,1.0,3.0,5.0,7.0,-0.1,1.0,1.0,0.0,L,-3.0
153.0,15.0,2014-05-30,ECF,MIA,0,IND,6.0,W (+25),1.0,31:39,8.0,12.0,0.667,0.0,0.0,0.0,9.0,9.0,1.0,1.0,3.0,4.0,6.0,1.0,1.0,2.0,1.0,25.0,24.9,27.0,0.0,1.0,W,25.0
154.0,16.0,2014-06-05,FIN,MIA,@,SAS,1.0,L (-15),1.0,32:53,9.0,17.0,0.529,2.0,3.0,0.667,5.0,6.0,0.833,3.0,3.0,6.0,3.0,3.0,0.0,4.0,1.0,25.0,20.0,0.0,1.0,0.0,L,-15.0
155.0,17.0,2014-06-08,FIN,MIA,@,SAS,2.0,W (+2),1.0,37:36,14.0,22.0,0.636,3.0,3.0,1.0,4.0,5.0,0.8,2.0,8.0,10.0,3.0,2.0,0.0,4.0,3.0,35.0,27.5,11.0,1.0,0.0,W,2.0
156.0,18.0,2014-06-10,FIN,MIA,0,SAS,3.0,L (-19),1.0,39:49,9.0,14.0,0.643,2.0,4.0,0.5,2.0,3.0,0.667,1.0,4.0,5.0,7.0,5.0,0.0,7.0,5.0,22.0,18.2,-21.0,0.0,1.0,L,-19.0
157.0,19.0,2014-06-12,FIN,MIA,0,SAS,4.0,L (-21),1.0,37:39,10.0,17.0,0.588,4.0,8.0,0.5,4.0,6.0,0.667,0.0,8.0,8.0,2.0,0.0,0.0,3.0,0.0,28.0,20.1,-21.0,0.0,1.0,L,-21.0
158.0,20.0,2014-06-15,FIN,MIA,@,SAS,5.0,L (-17),1.0,41:16,10.0,21.0,0.476,3.0,9.0,0.333,8.0,9.0,0.889,1.0,9.0,10.0,5.0,0.0,2.0,1.0,1.0,31.0,26.8,-16.0,1.0,0.0,L,-17.0
159.0,1.0,2015-04-19,EC1,CLE,0,BOS,1.0,W (+13),1.0,41:55,8.0,18.0,0.444,1.0,3.0,0.333,3.0,4.0,0.75,0.0,6.0,6.0,7.0,2.0,1.0,5.0,2.0,20.0,13.8,3.0,0.0,1.0,W,13.0
160.0,2.0,2015-04-21,EC1,CLE,0,BOS,2.0,W (+8),1.0,41:48,11.0,22.0,0.5,1.0,5.0,0.2,7.0,8.0,0.875,1.0,8.0,9.0,7.0,0.0,2.0,6.0,3.0,30.0,20.8,11.0,0.0,1.0,W,8.0
161.0,3.0,2015-04-23,EC1,CLE,@,BOS,3.0,W (+8),1.0,41:58,13.0,26.0,0.5,1.0,5.0,0.2,4.0,5.0,0.8,1.0,10.0,11.0,4.0,4.0,2.0,2.0,1.0,31.0,27.1,0.0,1.0,0.0,W,8.0
162.0,4.0,2015-04-26,EC1,CLE,@,BOS,4.0,W (+8),1.0,46:22,10.0,24.0,0.417,1.0,7.0,0.143,6.0,10.0,0.6,0.0,10.0,10.0,8.0,3.0,1.0,6.0,2.0,27.0,18.1,7.0,1.0,0.0,W,8.0
163.0,5.0,2015-05-04,ECS,CLE,0,CHI,1.0,L (-7),1.0,41:56,9.0,22.0,0.409,0.0,3.0,0.0,1.0,2.0,0.5,4.0,11.0,15.0,9.0,3.0,1.0,6.0,4.0,19.0,15.3,-11.0,0.0,1.0,L,-7.0
164.0,6.0,2015-05-06,ECS,CLE,0,CHI,2.0,W (+15),1.0,34:13,13.0,29.0,0.448,0.0,2.0,0.0,7.0,9.0,0.778,3.0,5.0,8.0,5.0,2.0,1.0,2.0,2.0,33.0,24.1,31.0,0.0,1.0,W,15.0
165.0,7.0,2015-05-08,ECS,CLE,@,CHI,3.0,L (-3),1.0,43:39,8.0,25.0,0.32,1.0,7.0,0.143,10.0,11.0,0.909,2.0,6.0,8.0,14.0,1.0,1.0,7.0,4.0,27.0,18.4,1.0,1.0,0.0,L,-3.0
166.0,8.0,2015-05-10,ECS,CLE,@,CHI,4.0,W (+2),1.0,43:09,10.0,30.0,0.333,1.0,7.0,0.143,4.0,4.0,1.0,2.0,12.0,14.0,8.0,1.0,2.0,8.0,4.0,25.0,11.4,5.0,1.0,0.0,W,2.0
167.0,9.0,2015-05-12,ECS,CLE,0,CHI,5.0,W (+5),1.0,40:56,14.0,24.0,0.583,1.0,5.0,0.2,9.0,12.0,0.75,2.0,10.0,12.0,6.0,3.0,3.0,0.0,3.0,38.0,38.1,-4.0,0.0,1.0,W,5.0
168.0,10.0,2015-05-14,ECS,CLE,@,CHI,6.0,W (+21),1.0,41:03,7.0,23.0,0.304,0.0,4.0,0.0,1.0,2.0,0.5,1.0,8.0,9.0,11.0,0.0,2.0,4.0,4.0,15.0,7.9,20.0,1.0,0.0,W,21.0
169.0,11.0,2015-05-20,ECF,CLE,@,ATL,1.0,W (+8),1.0,38:02,12.0,26.0,0.462,0.0,1.0,0.0,7.0,8.0,0.875,1.0,7.0,8.0,6.0,1.0,0.0,4.0,3.0,31.0,20.0,3.0,1.0,0.0,W,8.0
170.0,12.0,2015-05-22,ECF,CLE,@,ATL,2.0,W (+12),1.0,38:58,10.0,22.0,0.455,2.0,7.0,0.286,8.0,11.0,0.727,1.0,8.0,9.0,11.0,0.0,1.0,4.0,1.0,30.0,24.5,18.0,1.0,0.0,W,12.0
171.0,13.0,2015-05-24,ECF,CLE,0,ATL,3.0,W (+3),1.0,46:47,14.0,37.0,0.378,1.0,6.0,0.167,8.0,10.0,0.8,8.0,10.0,18.0,13.0,3.0,0.0,6.0,4.0,37.0,29.0,-3.0,0.0,1.0,W,3.0
172.0,14.0,2015-05-26,ECF,CLE,0,ATL,4.0,W (+30),1.0,29:10,10.0,20.0,0.5,2.0,6.0,0.333,1.0,4.0,0.25,0.0,9.0,9.0,7.0,2.0,1.0,1.0,2.0,23.0,20.3,20.0,0.0,1.0,W,30.0
173.0,15.0,2015-06-04,FIN,CLE,@,GSW,1.0,L (-8),1.0,45:46,18.0,38.0,0.474,2.0,8.0,0.25,6.0,10.0,0.6,0.0,8.0,8.0,6.0,0.0,0.0,4.0,2.0,44.0,24.8,-3.0,1.0,0.0,L,-8.0
174.0,16.0,2015-06-07,FIN,CLE,@,GSW,2.0,W (+2),1.0,50:20,11.0,35.0,0.314,3.0,6.0,0.5,14.0,18.0,0.778,4.0,12.0,16.0,11.0,1.0,1.0,3.0,3.0,39.0,28.9,0.0,1.0,0.0,W,2.0
175.0,17.0,2015-06-09,FIN,CLE,0,GSW,3.0,W (+5),1.0,46:00,14.0,34.0,0.412,2.0,6.0,0.333,10.0,12.0,0.833,1.0,11.0,12.0,8.0,4.0,2.0,4.0,1.0,40.0,31.6,7.0,0.0,1.0,W,5.0
176.0,18.0,2015-06-11,FIN,CLE,0,GSW,4.0,L (-21),1.0,40:55,7.0,22.0,0.318,1.0,4.0,0.25,5.0,10.0,0.5,2.0,10.0,12.0,8.0,0.0,0.0,2.0,5.0,20.0,11.4,-15.0,0.0,1.0,L,-21.0
177.0,19.0,2015-06-14,FIN,CLE,@,GSW,5.0,L (-13),1.0,44:46,15.0,34.0,0.441,3.0,8.0,0.375,7.0,9.0,0.778,1.0,13.0,14.0,11.0,1.0,0.0,2.0,5.0,40.0,30.7,-11.0,1.0,0.0,L,-13.0
178.0,20.0,2015-06-16,FIN,CLE,0,GSW,6.0,L (-8),1.0,46:42,13.0,33.0,0.394,2.0,10.0,0.2,4.0,8.0,0.5,3.0,15.0,18.0,9.0,2.0,0.0,6.0,3.0,32.0,20.2,-3.0,0.0,1.0,L,-8.0
179.0,1.0,2016-04-17,EC1,CLE,0,DET,1.0,W (+5),1.0,40:51,9.0,17.0,0.529,0.0,3.0,0.0,4.0,4.0,1.0,1.0,5.0,6.0,11.0,2.0,2.0,1.0,3.0,22.0,24.8,18.0,0.0,1.0,W,5.0
180.0,2.0,2016-04-20,EC1,CLE,0,DET,2.0,W (+17),1.0,39:44,12.0,18.0,0.667,2.0,4.0,0.5,1.0,3.0,0.333,1.0,5.0,6.0,3.0,3.0,0.0,5.0,3.0,27.0,19.5,10.0,0.0,1.0,W,17.0
181.0,3.0,2016-04-22,EC1,CLE,@,DET,3.0,W (+10),1.0,42:55,8.0,24.0,0.333,1.0,6.0,0.167,3.0,5.0,0.6,1.0,12.0,13.0,7.0,0.0,1.0,5.0,2.0,20.0,9.7,17.0,1.0,0.0,W,10.0
182.0,4.0,2016-04-24,EC1,CLE,@,DET,4.0,W (+2),1.0,41:27,9.0,19.0,0.474,1.0,6.0,0.167,3.0,3.0,1.0,2.0,9.0,11.0,6.0,2.0,0.0,2.0,4.0,22.0,19.0,5.0,1.0,0.0,W,2.0
183.0,5.0,2016-05-02,ECS,CLE,0,ATL,1.0,W (+11),1.0,40:34,11.0,21.0,0.524,2.0,4.0,0.5,1.0,1.0,1.0,0.0,7.0,7.0,9.0,5.0,1.0,4.0,3.0,25.0,23.6,16.0,0.0,1.0,W,11.0
184.0,6.0,2016-05-04,ECS,CLE,0,ATL,2.0,W (+25),1.0,28:08,9.0,15.0,0.6,4.0,6.0,0.667,5.0,9.0,0.556,0.0,4.0,4.0,5.0,3.0,0.0,2.0,4.0,27.0,22.6,24.0,0.0,1.0,W,25.0
185.0,7.0,2016-05-06,ECS,CLE,@,ATL,3.0,W (+13),1.0,38:58,8.0,16.0,0.5,1.0,4.0,0.25,7.0,9.0,0.778,2.0,11.0,13.0,8.0,2.0,0.0,5.0,2.0,24.0,21.7,17.0,1.0,0.0,W,13.0
186.0,8.0,2016-05-08,ECS,CLE,@,ATL,4.0,W (+1),1.0,37:52,10.0,23.0,0.435,1.0,5.0,0.2,0.0,3.0,0.0,5.0,5.0,10.0,9.0,2.0,1.0,6.0,2.0,21.0,14.9,2.0,1.0,0.0,W,1.0
187.0,9.0,2016-05-17,ECF,CLE,0,TOR,1.0,W (+31),1.0,28:18,11.0,13.0,0.846,0.0,1.0,0.0,2.0,4.0,0.5,2.0,4.0,6.0,4.0,2.0,1.0,4.0,3.0,24.0,21.4,20.0,0.0,1.0,W,31.0
188.0,10.0,2016-05-19,ECF,CLE,0,TOR,2.0,W (+19),1.0,33:45,7.0,13.0,0.538,0.0,2.0,0.0,9.0,17.0,0.529,1.0,10.0,11.0,11.0,3.0,0.0,2.0,2.0,23.0,25.1,16.0,0.0,1.0,W,19.0
189.0,11.0,2016-05-21,ECF,CLE,@,TOR,3.0,L (-15),1.0,38:50,9.0,17.0,0.529,1.0,5.0,0.2,5.0,7.0,0.714,4.0,4.0,8.0,5.0,2.0,0.0,2.0,3.0,24.0,21.2,-12.0,1.0,0.0,L,-15.0
190.0,12.0,2016-05-23,ECF,CLE,@,TOR,4.0,L (-6),1.0,45:48,11.0,16.0,0.688,1.0,3.0,0.333,6.0,6.0,1.0,4.0,5.0,9.0,6.0,2.0,1.0,1.0,3.0,29.0,31.2,-3.0,1.0,0.0,L,-6.0
191.0,13.0,2016-05-25,ECF,CLE,0,TOR,5.0,W (+38),1.0,31:30,10.0,17.0,0.588,2.0,4.0,0.5,1.0,3.0,0.333,0.0,6.0,6.0,8.0,2.0,1.0,2.0,2.0,23.0,21.6,32.0,0.0,1.0,W,38.0
192.0,14.0,2016-05-27,ECF,CLE,@,TOR,6.0,W (+26),1.0,41:15,13.0,22.0,0.591,3.0,6.0,0.5,4.0,7.0,0.571,2.0,9.0,11.0,6.0,1.0,3.0,3.0,2.0,33.0,29.2,22.0,1.0,0.0,W,26.0
193.0,15.0,2016-06-02,FIN,CLE,@,GSW,1.0,L (-15),1.0,40:53,9.0,21.0,0.429,2.0,4.0,0.5,3.0,4.0,0.75,4.0,8.0,12.0,9.0,2.0,1.0,4.0,2.0,23.0,20.9,-9.0,1.0,0.0,L,-15.0
194.0,16.0,2016-06-05,FIN,CLE,@,GSW,2.0,L (-33),1.0,33:38,7.0,17.0,0.412,1.0,5.0,0.2,4.0,4.0,1.0,0.0,8.0,8.0,9.0,4.0,1.0,7.0,3.0,19.0,15.1,-20.0,1.0,0.0,L,-33.0
195.0,17.0,2016-06-08,FIN,CLE,0,GSW,3.0,W (+30),1.0,40:04,14.0,26.0,0.538,1.0,2.0,0.5,3.0,5.0,0.6,2.0,9.0,11.0,6.0,1.0,2.0,5.0,2.0,32.0,23.5,24.0,0.0,1.0,W,30.0
196.0,18.0,2016-06-10,FIN,CLE,0,GSW,4.0,L (-11),1.0,45:34,11.0,21.0,0.524,1.0,5.0,0.2,2.0,4.0,0.5,4.0,9.0,13.0,9.0,2.0,3.0,7.0,4.0,25.0,21.2,-12.0,0.0,1.0,L,-11.0
197.0,19.0,2016-06-13,FIN,CLE,@,GSW,5.0,W (+15),1.0,42:38,16.0,30.0,0.533,4.0,8.0,0.5,5.0,8.0,0.625,4.0,12.0,16.0,7.0,3.0,3.0,2.0,1.0,41.0,39.2,13.0,1.0,0.0,W,15.0
198.0,20.0,2016-06-16,FIN,CLE,0,GSW,6.0,W (+14),1.0,42:35,16.0,27.0,0.593,3.0,6.0,0.5,6.0,8.0,0.75,2.0,6.0,8.0,11.0,4.0,3.0,1.0,3.0,41.0,42.5,26.0,0.0,1.0,W,14.0
199.0,21.0,2016-06-19,FIN,CLE,@,GSW,7.0,W (+4),1.0,46:49,9.0,24.0,0.375,1.0,5.0,0.2,8.0,10.0,0.8,1.0,10.0,11.0,11.0,2.0,3.0,5.0,1.0,27.0,23.1,4.0,1.0,0.0,W,4.0
200.0,1.0,2017-04-15,EC1,CLE,0,IND,1.0,W (+1),1.0,42:44,12.0,20.0,0.6,2.0,3.0,0.667,6.0,9.0,0.667,1.0,5.0,6.0,13.0,3.0,0.0,3.0,3.0,32.0,31.7,5.0,0.0,1.0,W,1.0
201.0,2.0,2017-04-17,EC1,CLE,0,IND,2.0,W (+6),1.0,42:16,11.0,20.0,0.55,0.0,2.0,0.0,3.0,6.0,0.5,0.0,10.0,10.0,7.0,4.0,4.0,8.0,2.0,25.0,20.1,6.0,0.0,1.0,W,6.0
202.0,3.0,2017-04-20,EC1,CLE,@,IND,3.0,W (+5),1.0,45:13,14.0,27.0,0.519,6.0,12.0,0.5,7.0,14.0,0.5,1.0,12.0,13.0,12.0,1.0,2.0,3.0,4.0,41.0,35.4,13.0,1.0,0.0,W,5.0
203.0,4.0,2017-04-23,EC1,CLE,@,IND,4.0,W (+4),1.0,44:44,13.0,25.0,0.52,1.0,3.0,0.333,6.0,9.0,0.667,0.0,10.0,10.0,4.0,4.0,2.0,4.0,1.0,33.0,26.3,4.0,1.0,0.0,W,4.0
204.0,5.0,2017-05-01,ECS,CLE,0,TOR,1.0,W (+11),1.0,41:02,13.0,23.0,0.565,2.0,5.0,0.4,7.0,8.0,0.875,2.0,8.0,10.0,4.0,1.0,1.0,3.0,2.0,35.0,28.2,16.0,0.0,1.0,W,11.0
205.0,6.0,2017-05-03,ECS,CLE,0,TOR,2.0,W (+22),1.0,36:36,10.0,14.0,0.714,4.0,6.0,0.667,15.0,21.0,0.714,1.0,5.0,6.0,4.0,3.0,2.0,3.0,3.0,39.0,36.0,24.0,0.0,1.0,W,22.0
206.0,7.0,2017-05-05,ECS,CLE,@,TOR,3.0,W (+21),1.0,40:38,9.0,16.0,0.563,2.0,4.0,0.5,15.0,16.0,0.938,0.0,8.0,8.0,7.0,1.0,0.0,5.0,1.0,35.0,29.9,20.0,1.0,0.0,W,21.0
207.0,8.0,2017-05-07,ECS,CLE,@,TOR,4.0,W (+7),1.0,46:11,11.0,22.0,0.5,5.0,12.0,0.417,8.0,9.0,0.889,1.0,8.0,9.0,6.0,0.0,1.0,6.0,1.0,35.0,25.2,7.0,1.0,0.0,W,7.0
208.0,9.0,2017-05-17,ECF,CLE,@,BOS,1.0,W (+13),1.0,41:58,14.0,24.0,0.583,1.0,6.0,0.167,9.0,11.0,0.818,2.0,7.0,9.0,7.0,2.0,0.0,2.0,2.0,38.0,33.6,17.0,1.0,0.0,W,13.0
209.0,10.0,2017-05-19,ECF,CLE,@,BOS,2.0,W (+44),1.0,32:48,12.0,18.0,0.667,4.0,6.0,0.667,2.0,4.0,0.5,0.0,4.0,4.0,7.0,4.0,3.0,1.0,1.0,30.0,32.2,46.0,1.0,0.0,W,44.0
210.0,11.0,2017-05-21,ECF,CLE,0,BOS,3.0,L (-3),1.0,45:03,4.0,13.0,0.308,0.0,4.0,0.0,3.0,6.0,0.5,1.0,5.0,6.0,6.0,1.0,1.0,6.0,2.0,11.0,3.6,1.0,0.0,1.0,L,-3.0
211.0,12.0,2017-05-23,ECF,CLE,0,BOS,4.0,W (+13),1.0,38:16,15.0,27.0,0.556,1.0,6.0,0.167,3.0,4.0,0.75,0.0,5.0,5.0,6.0,1.0,1.0,5.0,4.0,34.0,21.5,7.0,0.0,1.0,W,13.0
212.0,13.0,2017-05-25,ECF,CLE,@,BOS,5.0,W (+33),1.0,34:44,13.0,18.0,0.722,4.0,7.0,0.571,5.0,8.0,0.625,1.0,7.0,8.0,8.0,3.0,1.0,2.0,4.0,35.0,34.9,36.0,1.0,0.0,W,33.0
213.0,14.0,2017-06-01,FIN,CLE,@,GSW,1.0,L (-22),1.0,40:02,9.0,20.0,0.45,2.0,6.0,0.333,8.0,12.0,0.667,3.0,12.0,15.0,8.0,0.0,2.0,8.0,4.0,28.0,19.1,-22.0,1.0,0.0,L,-22.0
214.0,15.0,2017-06-04,FIN,CLE,@,GSW,2.0,L (-19),1.0,39:22,12.0,18.0,0.667,1.0,3.0,0.333,4.0,5.0,0.8,0.0,11.0,11.0,14.0,3.0,1.0,4.0,2.0,29.0,32.8,-11.0,1.0,0.0,L,-19.0
215.0,16.0,2017-06-07,FIN,CLE,0,GSW,3.0,L (-5),1.0,45:37,15.0,27.0,0.556,4.0,9.0,0.444,5.0,6.0,0.833,3.0,8.0,11.0,9.0,1.0,1.0,5.0,2.0,39.0,32.4,7.0,0.0,1.0,L,-5.0
216.0,17.0,2017-06-09,FIN,CLE,0,GSW,4.0,W (+21),1.0,40:46,11.0,22.0,0.5,3.0,8.0,0.375,6.0,10.0,0.6,1.0,9.0,10.0,11.0,1.0,0.0,2.0,2.0,31.0,27.7,32.0,0.0,1.0,W,21.0
217.0,18.0,2017-06-12,FIN,CLE,@,GSW,5.0,L (-9),1.0,46:13,19.0,30.0,0.633,2.0,5.0,0.4,1.0,4.0,0.25,2.0,11.0,13.0,8.0,2.0,1.0,2.0,3.0,41.0,36.2,-13.0,1.0,0.0,L,-9.0
218.0,1.0,2018-04-15,EC1,CLE,0,IND,1.0,L (-18),1.0,43:56,7.0,17.0,0.412,0.0,4.0,0.0,10.0,14.0,0.714,3.0,7.0,10.0,12.0,1.0,1.0,3.0,2.0,24.0,23.8,-13.0,0.0,1.0,L,-18.0
219.0,2.0,2018-04-18,EC1,CLE,0,IND,2.0,W (+3),1.0,39:53,17.0,24.0,0.708,2.0,5.0,0.4,10.0,13.0,0.769,1.0,11.0,12.0,5.0,2.0,0.0,3.0,1.0,46.0,40.9,7.0,0.0,1.0,W,3.0
220.0,3.0,2018-04-20,EC1,CLE,@,IND,3.0,L (-2),1.0,41:41,10.0,22.0,0.455,4.0,7.0,0.571,4.0,6.0,0.667,3.0,9.0,12.0,8.0,1.0,1.0,6.0,1.0,28.0,21.5,-1.0,1.0,0.0,L,-2.0
221.0,4.0,2018-04-22,EC1,CLE,@,IND,4.0,W (+4),1.0,46:09,12.0,22.0,0.545,0.0,5.0,0.0,8.0,9.0,0.889,2.0,11.0,13.0,7.0,0.0,2.0,1.0,3.0,32.0,29.8,3.0,1.0,0.0,W,4.0
222.0,5.0,2018-04-25,EC1,CLE,0,IND,5.0,W (+3),1.0,41:49,14.0,24.0,0.583,1.0,4.0,0.25,15.0,15.0,1.0,3.0,7.0,10.0,8.0,1.0,1.0,5.0,3.0,44.0,38.1,2.0,0.0,1.0,W,3.0
223.0,6.0,2018-04-27,EC1,CLE,@,IND,6.0,L (-34),1.0,31:11,7.0,16.0,0.438,3.0,6.0,0.5,5.0,5.0,1.0,0.0,5.0,5.0,7.0,1.0,2.0,4.0,3.0,22.0,17.2,-24.0,1.0,0.0,L,-34.0
224.0,7.0,2018-04-29,EC1,CLE,0,IND,7.0,W (+4),1.0,43:25,16.0,25.0,0.64,2.0,3.0,0.667,11.0,15.0,0.733,2.0,6.0,8.0,7.0,4.0,0.0,4.0,4.0,45.0,38.8,-2.0,0.0,1.0,W,4.0
225.0,8.0,2018-05-01,ECS,CLE,@,TOR,1.0,W (+1),1.0,46:56,12.0,30.0,0.4,1.0,8.0,0.125,1.0,6.0,0.167,0.0,11.0,11.0,13.0,1.0,2.0,1.0,2.0,26.0,20.8,5.0,1.0,0.0,W,1.0
226.0,9.0,2018-05-03,ECS,CLE,@,TOR,2.0,W (+18),1.0,40:30,19.0,28.0,0.679,1.0,3.0,0.333,4.0,8.0,0.5,1.0,7.0,8.0,14.0,1.0,0.0,1.0,1.0,43.0,41.6,20.0,1.0,0.0,W,18.0
227.0,10.0,2018-05-05,ECS,CLE,0,TOR,3.0,W (+2),1.0,41:16,14.0,26.0,0.538,1.0,4.0,0.25,9.0,11.0,0.818,1.0,5.0,6.0,7.0,3.0,1.0,4.0,1.0,38.0,31.0,2.0,0.0,1.0,W,2.0
228.0,11.0,2018-05-07,ECS,CLE,0,TOR,4.0,W (+35),1.0,38:24,12.0,19.0,0.632,0.0,3.0,0.0,5.0,8.0,0.625,0.0,8.0,8.0,11.0,2.0,1.0,2.0,2.0,29.0,29.3,28.0,0.0,1.0,W,35.0
229.0,12.0,2018-05-13,ECF,CLE,@,BOS,1.0,L (-25),1.0,36:07,5.0,16.0,0.313,0.0,5.0,0.0,5.0,6.0,0.833,0.0,7.0,7.0,9.0,0.0,2.0,7.0,1.0,15.0,7.8,-32.0,1.0,0.0,L,-25.0
230.0,13.0,2018-05-15,ECF,CLE,@,BOS,2.0,L (-13),1.0,38:46,16.0,29.0,0.552,5.0,11.0,0.455,5.0,10.0,0.5,1.0,9.0,10.0,12.0,0.0,1.0,6.0,3.0,42.0,31.4,-9.0,1.0,0.0,L,-13.0
231.0,14.0,2018-05-19,ECF,CLE,0,BOS,3.0,W (+30),1.0,37:30,8.0,12.0,0.667,3.0,3.0,1.0,8.0,10.0,0.8,1.0,4.0,5.0,12.0,2.0,2.0,3.0,3.0,27.0,30.5,31.0,0.0,1.0,W,30.0
232.0,15.0,2018-05-21,ECF,CLE,0,BOS,4.0,W (+9),1.0,41:53,17.0,28.0,0.607,1.0,4.0,0.25,9.0,13.0,0.692,1.0,4.0,5.0,3.0,2.0,0.0,7.0,3.0,44.0,27.4,9.0,0.0,1.0,W,9.0
233.0,16.0,2018-05-23,ECF,CLE,@,BOS,5.0,L (-13),1.0,39:16,11.0,22.0,0.5,1.0,6.0,0.167,3.0,4.0,0.75,0.0,10.0,10.0,5.0,1.0,0.0,6.0,2.0,26.0,15.3,-11.0,1.0,0.0,L,-13.0
234.0,17.0,2018-05-25,ECF,CLE,0,BOS,6.0,W (+10),1.0,46:06,17.0,33.0,0.515,5.0,7.0,0.714,7.0,11.0,0.636,3.0,8.0,11.0,9.0,3.0,1.0,3.0,2.0,46.0,38.8,15.0,0.0,1.0,W,10.0
235.0,18.0,2018-05-27,ECF,CLE,@,BOS,7.0,W (+8),1.0,48:00,12.0,24.0,0.5,3.0,8.0,0.375,8.0,11.0,0.727,0.0,15.0,15.0,9.0,0.0,2.0,8.0,4.0,35.0,24.4,8.0,1.0,0.0,W,8.0
236.0,19.0,2018-05-31,FIN,CLE,@,GSW,1.0,L (-10),1.0,47:32,19.0,32.0,0.594,3.0,7.0,0.429,10.0,11.0,0.909,4.0,4.0,8.0,8.0,1.0,1.0,5.0,2.0,51.0,41.3,-13.0,1.0,0.0,L,-10.0
237.0,20.0,2018-06-03,FIN,CLE,@,GSW,2.0,L (-19),1.0,43:51,10.0,20.0,0.5,2.0,4.0,0.5,7.0,9.0,0.778,1.0,8.0,9.0,13.0,2.0,0.0,5.0,2.0,29.0,26.6,-18.0,1.0,0.0,L,-19.0
238.0,21.0,2018-06-06,FIN,CLE,0,GSW,3.0,L (-8),1.0,46:52,13.0,28.0,0.464,1.0,6.0,0.167,6.0,7.0,0.857,3.0,7.0,10.0,11.0,2.0,2.0,4.0,2.0,33.0,28.7,-8.0,0.0,1.0,L,-8.0
239.0,22.0,2018-06-08,FIN,CLE,0,GSW,4.0,L (-23),1.0,40:34,7.0,13.0,0.538,0.0,1.0,0.0,9.0,11.0,0.818,1.0,6.0,7.0,8.0,0.0,1.0,6.0,5.0,23.0,16.7,-21.0,0.0,1.0,L,-23.0
240.0,1.0,2020-08-18,WC1,LAL,0,POR,1.0,L (-7),1.0,41:03,9.0,20.0,0.45,1.0,5.0,0.2,4.0,7.0,0.571,2.0,15.0,17.0,16.0,1.0,0.0,4.0,1.0,23.0,25.1,-3.0,0.0,1.0,L,-7.0
241.0,2.0,2020-08-20,WC1,LAL,0,POR,2.0,W (+23),1.0,26:41,4.0,11.0,0.364,0.0,3.0,0.0,2.0,2.0,1.0,0.0,6.0,6.0,7.0,2.0,0.0,6.0,1.0,10.0,6.2,23.0,0.0,1.0,W,23.0
242.0,3.0,2020-08-22,WC1,LAL,@,POR,3.0,W (+8),1.0,34:29,11.0,18.0,0.611,4.0,8.0,0.5,12.0,17.0,0.706,1.0,11.0,12.0,8.0,2.0,0.0,8.0,3.0,38.0,30.2,2.0,1.0,0.0,W,8.0
243.0,4.0,2020-08-24,WC1,LAL,@,POR,4.0,W (+20),1.0,28:18,10.0,12.0,0.833,4.0,5.0,0.8,6.0,8.0,0.75,1.0,5.0,6.0,10.0,0.0,1.0,2.0,2.0,30.0,31.9,17.0,1.0,0.0,W,20.0
244.0,5.0,2020-08-29,WC1,LAL,0,POR,5.0,W (+9),1.0,33:52,14.0,19.0,0.737,4.0,7.0,0.571,4.0,4.0,1.0,0.0,10.0,10.0,10.0,1.0,1.0,5.0,1.0,36.0,34.6,20.0,0.0,1.0,W,9.0
245.0,6.0,2020-09-04,WCS,LAL,0,HOU,1.0,L (-15),1.0,36:34,7.0,15.0,0.467,2.0,7.0,0.286,4.0,5.0,0.8,1.0,7.0,8.0,7.0,0.0,2.0,4.0,2.0,20.0,16.2,-15.0,0.0,1.0,L,-15.0
246.0,7.0,2020-09-06,WCS,LAL,0,HOU,2.0,W (+8),1.0,39:16,10.0,17.0,0.588,1.0,5.0,0.2,7.0,10.0,0.7,0.0,11.0,11.0,9.0,4.0,2.0,7.0,3.0,28.0,25.7,15.0,0.0,1.0,W,8.0
247.0,8.0,2020-09-08,WCS,LAL,@,HOU,3.0,W (+10),1.0,37:31,13.0,23.0,0.565,4.0,9.0,0.444,6.0,10.0,0.6,0.0,7.0,7.0,5.0,1.0,4.0,2.0,1.0,36.0,30.5,8.0,1.0,0.0,W,10.0
248.0,9.0,2020-09-10,WCS,LAL,@,HOU,4.0,W (+10),1.0,33:45,7.0,17.0,0.412,0.0,5.0,0.0,2.0,3.0,0.667,1.0,14.0,15.0,9.0,3.0,0.0,4.0,2.0,16.0,15.9,15.0,1.0,0.0,W,10.0
249.0,10.0,2020-09-12,WCS,LAL,0,HOU,5.0,W (+23),1.0,30:48,9.0,18.0,0.5,3.0,8.0,0.375,8.0,10.0,0.8,2.0,9.0,11.0,7.0,2.0,1.0,4.0,2.0,29.0,26.1,19.0,0.0,1.0,W,23.0
250.0,11.0,2020-09-18,WCF,LAL,0,DEN,1.0,W (+12),1.0,30:54,6.0,11.0,0.545,0.0,2.0,0.0,3.0,4.0,0.75,1.0,5.0,6.0,12.0,0.0,0.0,3.0,2.0,15.0,16.1,15.0,0.0,1.0,W,12.0
251.0,12.0,2020-09-20,WCF,LAL,0,DEN,2.0,W (+2),1.0,36:25,10.0,20.0,0.5,3.0,8.0,0.375,3.0,4.0,0.75,2.0,9.0,11.0,4.0,0.0,2.0,6.0,2.0,26.0,17.1,-9.0,0.0,1.0,W,2.0
252.0,13.0,2020-09-22,WCF,LAL,@,DEN,3.0,L (-8),1.0,37:15,14.0,23.0,0.609,1.0,4.0,0.25,1.0,2.0,0.5,1.0,9.0,10.0,11.0,2.0,2.0,6.0,1.0,30.0,27.2,2.0,1.0,0.0,L,-8.0
253.0,14.0,2020-09-24,WCF,LAL,@,DEN,4.0,W (+6),1.0,38:21,7.0,18.0,0.389,1.0,3.0,0.333,11.0,14.0,0.786,1.0,8.0,9.0,8.0,0.0,0.0,0.0,2.0,26.0,22.9,8.0,1.0,0.0,W,6.0
254.0,15.0,2020-09-26,WCF,LAL,0,DEN,5.0,W (+10),1.0,40:01,15.0,25.0,0.6,1.0,4.0,0.25,7.0,8.0,0.875,3.0,13.0,16.0,10.0,1.0,0.0,2.0,2.0,38.0,37.3,12.0,0.0,1.0,W,10.0
255.0,16.0,2020-09-30,FIN,LAL,0,MIA,1.0,W (+18),1.0,36:24,9.0,17.0,0.529,2.0,4.0,0.5,5.0,6.0,0.833,1.0,12.0,13.0,9.0,1.0,0.0,2.0,3.0,25.0,24.7,10.0,0.0,1.0,W,18.0
256.0,17.0,2020-10-02,FIN,LAL,0,MIA,2.0,W (+10),1.0,39:09,14.0,25.0,0.56,3.0,8.0,0.375,2.0,5.0,0.4,2.0,7.0,9.0,9.0,1.0,1.0,0.0,2.0,33.0,30.6,7.0,0.0,1.0,W,10.0
257.0,18.0,2020-10-04,FIN,LAL,@,MIA,3.0,L (-11),1.0,39:13,9.0,16.0,0.563,1.0,5.0,0.2,6.0,9.0,0.667,1.0,9.0,10.0,8.0,0.0,2.0,8.0,2.0,25.0,17.8,-4.0,1.0,0.0,L,-11.0
258.0,19.0,2020-10-06,FIN,LAL,@,MIA,4.0,W (+6),1.0,38:38,8.0,16.0,0.5,2.0,5.0,0.4,10.0,12.0,0.833,2.0,10.0,12.0,8.0,1.0,0.0,6.0,2.0,28.0,23.4,-2.0,1.0,0.0,W,6.0
259.0,20.0,2020-10-09,FIN,LAL,0,MIA,5.0,L (-3),1.0,41:51,15.0,21.0,0.714,6.0,9.0,0.667,4.0,6.0,0.667,3.0,10.0,13.0,7.0,3.0,0.0,4.0,1.0,40.0,39.1,7.0,0.0,1.0,L,-3.0
260.0,21.0,2020-10-11,FIN,LAL,@,MIA,6.0,W (+13),1.0,41:13,13.0,20.0,0.65,1.0,5.0,0.2,1.0,4.0,0.25,3.0,11.0,14.0,10.0,1.0,0.0,1.0,3.0,28.0,29.2,18.0,1.0,0.0,W,13.0
261.0,1.0,2021-05-23,WC1,LAL,@,PHO,1.0,L (-9),1.0,36:04,6.0,13.0,0.462,3.0,7.0,0.429,3.0,6.0,0.5,1.0,6.0,7.0,10.0,3.0,0.0,5.0,1.0,18.0,17.2,2.0,1.0,0.0,L,-9.0
262.0,2.0,2021-05-25,WC1,LAL,@,PHO,2.0,W (+7),1.0,38:54,9.0,16.0,0.563,4.0,9.0,0.444,1.0,1.0,1.0,0.0,4.0,4.0,9.0,2.0,0.0,1.0,3.0,23.0,22.7,14.0,1.0,0.0,W,7.0
263.0,3.0,2021-05-27,WC1,LAL,0,PHO,3.0,W (+14),1.0,37:45,9.0,19.0,0.474,1.0,5.0,0.2,2.0,3.0,0.667,1.0,5.0,6.0,9.0,1.0,0.0,7.0,0.0,21.0,13.4,15.0,0.0,1.0,W,14.0
264.0,4.0,2021-05-30,WC1,LAL,0,PHO,4.0,L (-8),1.0,37:50,10.0,21.0,0.476,1.0,7.0,0.143,4.0,7.0,0.571,2.0,10.0,12.0,6.0,1.0,0.0,6.0,1.0,25.0,16.3,6.0,0.0,1.0,L,-8.0
265.0,5.0,2021-06-01,WC1,LAL,@,PHO,5.0,L (-30),1.0,31:39,9.0,19.0,0.474,6.0,10.0,0.6,0.0,0.0,0.0,1.0,4.0,5.0,7.0,0.0,0.0,3.0,1.0,24.0,17.7,-24.0,1.0,0.0,L,-30.0
266.0,6.0,2021-06-03,WC1,LAL,0,PHO,6.0,L (-13),1.0,41:25,11.0,26.0,0.423,3.0,10.0,0.3,4.0,6.0,0.667,2.0,7.0,9.0,7.0,2.0,2.0,3.0,1.0,29.0,22.8,-3.0,0.0,1.0,L,-13.0
