Rk,G,Date,Series,Tm,Opp,G#,Outcome,GS,MP,FG,FGA,FG%,3P,3PA,3P%,FT,FTA,FT%,ORB,DRB,TRB,AST,STL,BLK,TOV,PF,PTS,GmSc,+/-,TS%,eFG%,ORB%,DRB%,TRB%,AST%,STL%,BLK%,TOV%,USG%,ORtg,DRtg,GmSc.1,Home/Away,Away,Home,Win/Loss,Point Diff,Stint,MP(dec)
1.0,1.0,2006-04-22,EC1,CLE,WAS,1.0,W (+11),1.0,48:00,12.0,27.0,0.444,1.0,4.0,0.25,7.0,11.0,0.636,3.0,8.0,11.0,11.0,0.0,0.0,4.0,3.0,32.0,23.3,11.0,0.503,0.463,6.4,19.5,12.5,42.3,0.0,0.0,11.2,33.6,115.0,105.0,23.3,H,0.0,1.0,W,11.0,CLE(06-10),48.0
2.0,2.0,2006-04-25,EC1,CLE,WAS,2.0,L (-5),1.0,43:28,7.0,25.0,0.28,1.0,6.0,0.167,11.0,15.0,0.733,2.0,7.0,9.0,2.0,2.0,3.0,10.0,5.0,26.0,6.7,-2.0,0.411,0.3,5.3,17.2,11.4,9.9,2.4,5.7,24.0,41.1,72.0,95.0,6.7,H,0.0,1.0,L,-5.0,CLE(06-10),43.46666666666667
3.0,3.0,2006-04-28,EC1,CLE,WAS,3.0,W (+1),1.0,47:37,16.0,28.0,0.571,3.0,5.0,0.6,6.0,9.0,0.667,1.0,4.0,5.0,3.0,2.0,0.0,4.0,3.0,41.0,27.4,1.0,0.641,0.625,2.2,11.9,6.4,16.0,2.1,0.0,11.1,33.3,119.0,104.0,27.4,@,1.0,0.0,W,1.0,CLE(06-10),47.61666666666667
4.0,4.0,2006-04-30,EC1,CLE,WAS,4.0,L (-10),1.0,45:20,13.0,23.0,0.565,7.0,12.0,0.583,5.0,7.0,0.714,1.0,5.0,6.0,5.0,0.0,0.0,7.0,5.0,38.0,23.0,-16.0,0.729,0.717,3.1,12.0,8.1,26.2,0.0,0.0,21.2,34.7,121.0,122.0,23.0,@,1.0,0.0,L,-10.0,CLE(06-10),45.333333333333336
5.0,5.0,2006-05-03,EC1,CLE,WAS,5.0,W (+1),1.0,46:07,14.0,23.0,0.609,0.0,1.0,0.0,17.0,18.0,0.944,5.0,2.0,7.0,6.0,2.0,0.0,4.0,5.0,45.0,38.4,-4.0,0.728,0.609,15.1,5.5,10.1,24.7,2.4,0.0,11.5,35.9,148.0,126.0,38.4,H,0.0,1.0,W,1.0,CLE(06-10),46.11666666666667
6.0,6.0,2006-05-05,EC1,CLE,WAS,6.0,W (+1),1.0,53:00,15.0,25.0,0.6,1.0,6.0,0.167,1.0,3.0,0.333,0.0,7.0,7.0,7.0,2.0,1.0,5.0,4.0,32.0,22.8,1.0,0.608,0.62,0.0,13.5,7.9,25.0,2.0,1.4,16.0,28.4,109.0,113.0,22.8,@,1.0,0.0,W,1.0,CLE(06-10),53.0
7.0,7.0,2006-05-07,ECS,CLE,DET,1.0,L (-27),1.0,36:00,9.0,18.0,0.5,2.0,5.0,0.4,2.0,2.0,1.0,1.0,3.0,4.0,4.0,0.0,0.0,4.0,3.0,22.0,12.2,-31.0,0.583,0.556,3.0,12.1,6.9,24.2,0.0,0.0,17.5,30.5,109.0,141.0,12.2,@,1.0,0.0,L,-27.0,CLE(06-10),36.0
8.0,8.0,2006-05-09,ECS,CLE,DET,2.0,L (-6),1.0,47:32,11.0,23.0,0.478,2.0,5.0,0.4,6.0,8.0,0.75,2.0,12.0,14.0,7.0,0.0,0.0,3.0,4.0,30.0,22.8,-4.0,0.566,0.522,4.4,28.2,15.9,29.6,0.0,0.0,10.2,29.6,117.0,111.0,22.8,@,1.0,0.0,L,-6.0,CLE(06-10),47.53333333333333
9.0,9.0,2006-05-13,ECS,CLE,DET,3.0,W (+9),1.0,48:00,9.0,18.0,0.5,1.0,4.0,0.25,2.0,2.0,1.0,0.0,10.0,10.0,10.0,4.0,1.0,4.0,2.0,21.0,21.9,9.0,0.556,0.528,0.0,24.4,13.5,40.0,5.1,1.9,17.5,26.0,108.0,86.0,21.9,H,0.0,1.0,W,9.0,CLE(06-10),48.0
10.0,10.0,2006-05-15,ECS,CLE,DET,4.0,W (+2),1.0,48:00,8.0,23.0,0.348,1.0,2.0,0.5,5.0,10.0,0.5,1.0,7.0,8.0,9.0,2.0,2.0,8.0,3.0,22.0,10.4,2.0,0.401,0.37,3.1,17.5,11.1,42.9,2.4,3.3,22.6,37.9,78.0,84.0,10.4,H,0.0,1.0,W,2.0,CLE(06-10),48.0
11.0,11.0,2006-05-17,ECS,CLE,DET,5.0,W (+2),1.0,46:50,13.0,30.0,0.433,1.0,4.0,0.25,5.0,7.0,0.714,3.0,2.0,5.0,5.0,2.0,1.0,2.0,3.0,32.0,21.1,2.0,0.484,0.45,6.1,5.0,5.6,29.0,2.4,1.6,5.7,34.4,112.0,103.0,21.1,@,1.0,0.0,W,2.0,CLE(06-10),46.833333333333336
12.0,12.0,2006-05-19,ECS,CLE,DET,6.0,L (-2),1.0,47:50,8.0,20.0,0.4,1.0,5.0,0.2,15.0,18.0,0.833,0.0,11.0,11.0,5.0,1.0,1.0,7.0,2.0,32.0,20.7,-2.0,0.573,0.425,0.0,26.9,14.3,22.8,1.3,1.9,20.0,38.7,104.0,103.0,20.7,H,0.0,1.0,L,-2.0,CLE(06-10),47.833333333333336
13.0,13.0,2006-05-21,ECS,CLE,DET,7.0,L (-18),1.0,46:45,11.0,24.0,0.458,0.0,4.0,0.0,5.0,8.0,0.625,3.0,5.0,8.0,2.0,1.0,0.0,3.0,2.0,27.0,15.6,-16.0,0.491,0.458,7.0,12.8,9.8,23.6,1.3,0.0,9.8,35.3,95.0,104.0,15.6,@,1.0,0.0,L,-18.0,CLE(06-10),46.75
14.0,1.0,2007-04-22,EC1,CLE,WAS,1.0,W (+15),1.0,44:19,7.0,14.0,0.5,0.0,2.0,0.0,9.0,11.0,0.818,2.0,7.0,9.0,7.0,2.0,0.0,1.0,1.0,23.0,24.2,17.0,0.61,0.5,5.6,16.1,11.3,31.0,2.5,0.0,5.0,21.5,136.0,93.0,24.2,H,0.0,1.0,W,15.0,CLE(06-10),44.31666666666667
15.0,2.0,2007-04-25,EC1,CLE,WAS,2.0,W (+7),1.0,45:00,8.0,22.0,0.364,0.0,3.0,0.0,11.0,13.0,0.846,4.0,4.0,8.0,7.0,1.0,2.0,2.0,2.0,27.0,22.5,12.0,0.487,0.364,10.4,8.1,9.1,23.7,1.2,3.1,6.7,28.2,121.0,110.0,22.5,H,0.0,1.0,W,7.0,CLE(06-10),45.0
16.0,3.0,2007-04-28,EC1,CLE,WAS,3.0,W (+6),1.0,46:02,11.0,22.0,0.5,3.0,5.0,0.6,5.0,7.0,0.714,0.0,6.0,6.0,9.0,1.0,0.0,2.0,3.0,30.0,24.1,6.0,0.598,0.568,0.0,13.9,7.7,35.4,1.3,0.0,7.4,28.8,133.0,111.0,24.1,@,1.0,0.0,W,6.0,CLE(06-10),46.03333333333333
17.0,4.0,2007-04-30,EC1,CLE,WAS,4.0,W (+7),1.0,46:11,8.0,22.0,0.364,1.0,5.0,0.2,14.0,17.0,0.824,3.0,8.0,11.0,7.0,3.0,1.0,2.0,3.0,31.0,27.5,12.0,0.526,0.386,8.0,19.8,14.1,30.7,3.5,1.7,6.4,33.2,119.0,96.0,27.5,@,1.0,0.0,W,7.0,CLE(06-10),46.18333333333333
18.0,5.0,2007-05-06,ECS,CLE,NJN,1.0,W (+4),1.0,46:01,8.0,21.0,0.381,1.0,4.0,0.25,4.0,6.0,0.667,2.0,9.0,11.0,7.0,1.0,1.0,3.0,2.0,21.0,15.6,6.0,0.444,0.405,4.3,23.5,13.0,27.4,1.2,1.8,11.3,25.8,103.0,91.0,15.6,H,0.0,1.0,W,4.0,CLE(06-10),46.016666666666666
19.0,6.0,2007-05-08,ECS,CLE,NJN,2.0,W (+10),1.0,45:49,12.0,24.0,0.5,3.0,7.0,0.429,9.0,13.0,0.692,0.0,1.0,1.0,12.0,3.0,0.0,2.0,2.0,36.0,31.3,8.0,0.606,0.563,0.0,3.2,1.3,49.4,3.6,0.0,6.3,30.9,138.0,105.0,31.3,H,0.0,1.0,W,10.0,CLE(06-10),45.81666666666667
20.0,7.0,2007-05-12,ECS,CLE,NJN,3.0,L (-11),1.0,44:08,5.0,16.0,0.313,1.0,5.0,0.2,7.0,7.0,1.0,0.0,6.0,6.0,12.0,0.0,0.0,2.0,2.0,18.0,16.2,-12.0,0.472,0.344,0.0,18.1,8.9,55.4,0.0,0.0,9.5,24.5,107.0,114.0,16.2,@,1.0,0.0,L,-11.0,CLE(06-10),44.13333333333333
21.0,8.0,2007-05-14,ECS,CLE,NJN,4.0,W (+2),1.0,46:20,9.0,16.0,0.563,2.0,3.0,0.667,10.0,15.0,0.667,0.0,9.0,9.0,7.0,0.0,0.0,3.0,1.0,30.0,24.6,9.0,0.664,0.625,0.0,19.8,11.1,41.0,0.0,0.0,11.7,28.4,123.0,98.0,24.6,@,1.0,0.0,W,2.0,CLE(06-10),46.333333333333336
22.0,9.0,2007-05-16,ECS,CLE,NJN,5.0,L (-11),1.0,42:47,5.0,14.0,0.357,0.0,2.0,0.0,10.0,11.0,0.909,3.0,6.0,9.0,5.0,2.0,1.0,5.0,4.0,20.0,15.3,-15.0,0.531,0.357,7.2,18.2,12.0,30.5,2.6,2.3,21.0,26.0,101.0,93.0,15.3,H,0.0,1.0,L,-11.0,CLE(06-10),42.78333333333333
23.0,10.0,2007-05-18,ECS,CLE,NJN,6.0,W (+16),1.0,38:53,8.0,20.0,0.4,1.0,5.0,0.2,6.0,9.0,0.667,1.0,7.0,8.0,8.0,1.0,0.0,2.0,4.0,23.0,16.8,26.0,0.48,0.425,2.9,22.2,12.0,42.7,1.4,0.0,7.7,33.4,107.0,84.0,16.8,@,1.0,0.0,W,16.0,CLE(06-10),38.88333333333333
24.0,11.0,2007-05-21,ECF,CLE,DET,1.0,L (-3),1.0,45:22,5.0,15.0,0.333,0.0,0.0,0.0,0.0,0.0,0.0,1.0,9.0,10.0,9.0,4.0,1.0,2.0,1.0,10.0,13.5,-5.0,0.333,0.333,2.2,22.7,11.8,35.7,5.2,1.8,11.8,17.9,87.0,89.0,13.5,@,1.0,0.0,L,-3.0,CLE(06-10),45.36666666666667
25.0,12.0,2007-05-24,ECF,CLE,DET,2.0,L (-3),1.0,44:41,7.0,19.0,0.368,0.0,1.0,0.0,5.0,7.0,0.714,0.0,6.0,6.0,7.0,3.0,0.0,6.0,1.0,19.0,11.0,-6.0,0.43,0.368,0.0,16.5,8.5,33.4,3.9,0.0,21.4,31.2,83.0,92.0,11.0,@,1.0,0.0,L,-3.0,CLE(06-10),44.68333333333333
26.0,13.0,2007-05-27,ECF,CLE,DET,3.0,W (+6),1.0,46:07,12.0,21.0,0.571,2.0,3.0,0.667,6.0,9.0,0.667,1.0,8.0,9.0,9.0,2.0,0.0,3.0,2.0,32.0,28.5,6.0,0.641,0.619,3.3,23.1,13.8,45.7,2.6,0.0,10.7,33.4,126.0,99.0,28.5,H,0.0,1.0,W,6.0,CLE(06-10),46.11666666666667
27.0,14.0,2007-05-29,ECF,CLE,DET,4.0,W (+4),1.0,44:17,8.0,19.0,0.421,1.0,5.0,0.2,8.0,9.0,0.889,0.0,7.0,7.0,11.0,3.0,0.0,3.0,0.0,25.0,24.3,-4.0,0.544,0.447,0.0,18.5,10.3,55.9,3.7,0.0,11.6,29.8,110.0,95.0,24.3,H,0.0,1.0,W,4.0,CLE(06-10),44.28333333333333
28.0,15.0,2007-05-31,ECF,CLE,DET,5.0,W (+2),1.0,50:18,18.0,33.0,0.545,2.0,3.0,0.667,10.0,14.0,0.714,3.0,6.0,9.0,7.0,2.0,0.0,2.0,3.0,48.0,38.1,2.0,0.613,0.576,7.7,17.7,12.4,49.7,2.4,0.0,4.9,42.7,132.0,111.0,38.1,@,1.0,0.0,W,2.0,CLE(06-10),50.3
29.0,16.0,2007-06-02,ECF,CLE,DET,6.0,W (+16),1.0,46:12,3.0,11.0,0.273,0.0,2.0,0.0,14.0,19.0,0.737,2.0,12.0,14.0,8.0,2.0,2.0,3.0,1.0,20.0,22.1,13.0,0.517,0.273,5.2,27.1,16.9,33.4,2.4,3.2,13.4,21.3,121.0,86.0,22.1,H,0.0,1.0,W,16.0,CLE(06-10),46.2
30.0,17.0,2007-06-07,FIN,CLE,SAS,1.0,L (-9),1.0,44:00,4.0,16.0,0.25,2.0,6.0,0.333,4.0,4.0,1.0,1.0,6.0,7.0,4.0,1.0,1.0,6.0,1.0,14.0,5.0,-5.0,0.394,0.313,2.8,18.2,10.2,17.0,1.4,1.8,25.3,29.6,72.0,107.0,5.0,@,1.0,0.0,L,-9.0,CLE(06-10),44.0
31.0,18.0,2007-06-10,FIN,CLE,SAS,2.0,L (-11),1.0,38:00,9.0,21.0,0.429,0.0,2.0,0.0,7.0,11.0,0.636,3.0,4.0,7.0,6.0,1.0,0.0,6.0,3.0,25.0,13.6,-5.0,0.484,0.429,8.1,12.3,10.0,35.0,1.4,0.0,18.8,38.4,93.0,119.0,13.6,@,1.0,0.0,L,-11.0,CLE(06-10),38.0
32.0,19.0,2007-06-12,FIN,CLE,SAS,3.0,L (-3),1.0,41:59,9.0,23.0,0.391,0.0,5.0,0.0,7.0,8.0,0.875,0.0,8.0,8.0,7.0,2.0,1.0,5.0,3.0,25.0,15.9,4.0,0.471,0.391,0.0,22.9,10.3,42.8,2.8,2.3,15.9,36.9,92.0,88.0,15.9,H,0.0,1.0,L,-3.0,CLE(06-10),41.983333333333334
33.0,20.0,2007-06-14,FIN,CLE,SAS,4.0,L (-1),1.0,46:29,10.0,30.0,0.333,2.0,7.0,0.286,2.0,6.0,0.333,0.0,6.0,6.0,10.0,0.0,0.0,6.0,1.0,24.0,7.8,2.0,0.368,0.367,0.0,15.1,7.1,47.6,0.0,0.0,15.5,39.5,76.0,101.0,7.8,H,0.0,1.0,L,-1.0,CLE(06-10),46.483333333333334
34.0,1.0,2008-04-19,EC1,CLE,WAS,1.0,W (+7),1.0,41:25,12.0,19.0,0.632,0.0,2.0,0.0,8.0,14.0,0.571,0.0,6.0,6.0,4.0,1.0,2.0,1.0,1.0,32.0,26.7,9.0,0.636,0.632,0.0,15.1,8.2,28.8,1.3,4.0,3.8,30.2,123.0,94.0,26.7,H,0.0,1.0,W,7.0,CLE(06-10),41.416666666666664
35.0,2.0,2008-04-21,EC1,CLE,WAS,2.0,W (+30),1.0,39:00,9.0,19.0,0.474,2.0,6.0,0.333,10.0,17.0,0.588,1.0,8.0,9.0,12.0,1.0,2.0,1.0,2.0,30.0,29.6,34.0,0.566,0.526,3.3,21.4,13.3,47.8,1.4,4.4,3.6,32.1,138.0,93.0,29.6,H,0.0,1.0,W,30.0,CLE(06-10),39.0
36.0,3.0,2008-04-24,EC1,CLE,WAS,3.0,L (-36),1.0,35:57,10.0,19.0,0.526,0.0,4.0,0.0,2.0,4.0,0.5,0.0,7.0,7.0,3.0,1.0,1.0,4.0,3.0,22.0,12.6,-24.0,0.53,0.526,0.0,30.1,12.1,25.6,1.5,2.5,16.2,31.2,94.0,116.0,12.6,@,1.0,0.0,L,-36.0,CLE(06-10),35.95
37.0,4.0,2008-04-27,EC1,CLE,WAS,4.0,W (+3),1.0,44:23,11.0,25.0,0.44,3.0,8.0,0.375,9.0,14.0,0.643,2.0,10.0,12.0,7.0,2.0,0.0,5.0,5.0,34.0,23.2,3.0,0.546,0.5,5.0,27.7,15.8,37.7,2.4,0.0,13.8,35.4,115.0,108.0,23.2,@,1.0,0.0,W,3.0,CLE(06-10),44.38333333333333
38.0,5.0,2008-04-30,EC1,CLE,WAS,5.0,L (-1),1.0,44:05,8.0,21.0,0.381,3.0,9.0,0.333,15.0,18.0,0.833,2.0,8.0,10.0,7.0,1.0,2.0,5.0,0.0,34.0,27.4,-3.0,0.588,0.452,5.4,22.3,13.8,41.7,1.3,3.8,14.7,36.2,117.0,101.0,27.4,H,0.0,1.0,L,-1.0,CLE(06-10),44.083333333333336
39.0,6.0,2008-05-02,EC1,CLE,WAS,6.0,W (+17),1.0,44:12,8.0,17.0,0.471,1.0,2.0,0.5,10.0,10.0,1.0,2.0,11.0,13.0,13.0,2.0,1.0,1.0,2.0,27.0,33.0,26.0,0.631,0.5,5.4,25.4,16.2,45.1,2.7,1.9,4.5,25.7,153.0,99.0,33.0,@,1.0,0.0,W,17.0,CLE(06-10),44.2
40.0,7.0,2008-05-06,ECS,CLE,BOS,1.0,L (-4),1.0,38:49,2.0,18.0,0.111,0.0,6.0,0.0,8.0,10.0,0.8,2.0,7.0,9.0,9.0,1.0,1.0,10.0,4.0,12.0,-0.7,-7.0,0.268,0.111,5.2,24.0,13.2,54.2,1.4,2.3,30.9,38.7,54.0,88.0,-0.7,@,1.0,0.0,L,-4.0,CLE(06-10),38.81666666666667
41.0,8.0,2008-05-08,ECS,CLE,BOS,2.0,L (-16),1.0,41:38,6.0,24.0,0.25,0.0,4.0,0.0,9.0,13.0,0.692,2.0,3.0,5.0,6.0,2.0,1.0,7.0,1.0,21.0,6.8,-15.0,0.353,0.25,5.4,8.4,6.9,36.3,2.7,2.0,19.1,42.4,69.0,102.0,6.8,@,1.0,0.0,L,-16.0,CLE(06-10),41.63333333333333
42.0,9.0,2008-05-10,ECS,CLE,BOS,3.0,W (+24),1.0,40:15,5.0,16.0,0.313,3.0,5.0,0.6,8.0,12.0,0.667,0.0,5.0,5.0,8.0,4.0,3.0,2.0,3.0,21.0,20.2,29.0,0.493,0.406,0.0,15.7,8.5,30.7,6.0,6.2,8.6,29.7,117.0,93.0,20.2,H,0.0,1.0,W,24.0,CLE(06-10),40.25
43.0,10.0,2008-05-12,ECS,CLE,BOS,4.0,W (+11),1.0,44:00,7.0,20.0,0.35,2.0,5.0,0.4,5.0,8.0,0.625,1.0,5.0,6.0,13.0,3.0,2.0,4.0,3.0,21.0,19.1,15.0,0.446,0.4,2.7,13.6,8.2,51.8,4.0,3.9,14.5,32.7,97.0,86.0,19.1,H,0.0,1.0,W,11.0,CLE(06-10),44.0
44.0,11.0,2008-05-14,ECS,CLE,BOS,5.0,L (-7),1.0,44:43,12.0,25.0,0.48,0.0,5.0,0.0,11.0,13.0,0.846,0.0,3.0,3.0,5.0,1.0,1.0,4.0,3.0,35.0,22.4,-8.0,0.57,0.48,0.0,9.2,4.7,33.3,1.3,1.7,11.5,39.2,111.0,116.0,22.4,@,1.0,0.0,L,-7.0,CLE(06-10),44.71666666666667
45.0,12.0,2008-05-16,ECS,CLE,BOS,6.0,W (+5),1.0,46:39,9.0,23.0,0.391,1.0,3.0,0.333,13.0,15.0,0.867,3.0,9.0,12.0,6.0,2.0,1.0,8.0,2.0,32.0,21.6,7.0,0.541,0.413,6.7,25.7,15.1,41.9,2.6,2.0,21.3,39.5,101.0,82.0,21.6,H,0.0,1.0,W,5.0,CLE(06-10),46.65
46.0,13.0,2008-05-18,ECS,CLE,BOS,7.0,L (-5),1.0,46:48,14.0,29.0,0.483,3.0,11.0,0.273,14.0,19.0,0.737,1.0,4.0,5.0,6.0,2.0,0.0,2.0,4.0,45.0,32.8,0.0,0.602,0.534,2.7,13.7,7.5,39.3,2.5,0.0,5.1,41.9,128.0,117.0,32.8,@,1.0,0.0,L,-5.0,CLE(06-10),46.8
47.0,1.0,2009-04-18,EC1,CLE,DET,1.0,W (+18),1.0,40:52,13.0,20.0,0.65,1.0,4.0,0.25,11.0,14.0,0.786,0.0,8.0,8.0,7.0,1.0,0.0,0.0,1.0,38.0,35.9,22.0,0.726,0.675,0.0,25.4,14.5,37.8,1.5,0.0,0.0,35.8,155.0,106.0,35.9,H,0.0,1.0,W,18.0,CLE(06-10),40.86666666666667
48.0,2.0,2009-04-21,EC1,CLE,DET,2.0,W (+12),1.0,37:55,7.0,14.0,0.5,2.0,5.0,0.4,13.0,17.0,0.765,1.0,12.0,13.0,6.0,0.0,0.0,2.0,1.0,29.0,26.5,21.0,0.675,0.571,3.3,39.0,21.4,39.7,0.0,0.0,8.5,30.0,140.0,93.0,26.5,H,0.0,1.0,W,12.0,CLE(06-10),37.916666666666664
49.0,3.0,2009-04-24,EC1,CLE,DET,3.0,W (+11),1.0,42:44,9.0,19.0,0.474,0.0,5.0,0.0,7.0,11.0,0.636,2.0,9.0,11.0,9.0,3.0,2.0,2.0,0.0,25.0,26.5,13.0,0.524,0.474,5.2,26.6,15.3,56.5,4.0,3.8,7.7,30.5,112.0,73.0,26.5,@,1.0,0.0,W,11.0,CLE(06-10),42.733333333333334
50.0,4.0,2009-04-26,EC1,CLE,DET,4.0,W (+21),1.0,40:39,10.0,24.0,0.417,0.0,3.0,0.0,16.0,17.0,0.941,1.0,12.0,13.0,8.0,2.0,1.0,2.0,3.0,36.0,32.2,10.0,0.572,0.417,3.6,37.3,21.6,40.7,2.8,1.7,6.0,42.3,130.0,87.0,32.2,@,1.0,0.0,W,21.0,CLE(06-10),40.65
51.0,5.0,2009-05-05,ECS,CLE,ATL,1.0,W (+27),1.0,34:19,12.0,20.0,0.6,2.0,6.0,0.333,8.0,9.0,0.889,3.0,7.0,10.0,3.0,4.0,0.0,3.0,0.0,34.0,31.7,13.0,0.71,0.65,10.0,30.6,18.9,20.8,7.0,0.0,11.1,39.1,139.0,80.0,31.7,H,0.0,1.0,W,27.0,CLE(06-10),34.31666666666667
52.0,6.0,2009-05-07,ECS,CLE,ATL,2.0,W (+20),1.0,31:10,9.0,14.0,0.643,3.0,5.0,0.6,6.0,12.0,0.5,0.0,3.0,3.0,5.0,4.0,1.0,0.0,1.0,27.0,27.1,23.0,0.7,0.75,0.0,9.1,6.0,31.9,7.2,2.4,0.0,29.3,156.0,90.0,27.1,H,0.0,1.0,W,20.0,CLE(06-10),31.166666666666668
53.0,7.0,2009-05-09,ECS,CLE,ATL,3.0,W (+15),1.0,43:14,15.0,25.0,0.6,5.0,10.0,0.5,12.0,16.0,0.75,2.0,10.0,12.0,8.0,1.0,1.0,1.0,2.0,47.0,43.8,26.0,0.733,0.7,7.9,27.1,19.3,48.4,1.4,1.9,3.0,39.5,169.0,100.0,43.8,@,1.0,0.0,W,15.0,CLE(06-10),43.233333333333334
54.0,8.0,2009-05-11,ECS,CLE,ATL,4.0,W (+10),1.0,43:25,9.0,22.0,0.409,3.0,6.0,0.5,6.0,9.0,0.667,0.0,8.0,8.0,8.0,1.0,0.0,3.0,3.0,27.0,18.8,1.0,0.52,0.477,0.0,21.1,10.9,44.1,1.4,0.0,10.4,33.2,116.0,92.0,18.8,@,1.0,0.0,W,10.0,CLE(06-10),43.416666666666664
55.0,9.0,2009-05-20,ECF,CLE,ORL,1.0,L (-1),1.0,41:14,20.0,30.0,0.667,3.0,6.0,0.5,6.0,10.0,0.6,3.0,3.0,6.0,8.0,2.0,3.0,2.0,1.0,49.0,44.7,7.0,0.712,0.717,9.7,10.6,10.1,47.2,2.6,6.0,5.5,42.2,143.0,117.0,44.7,H,0.0,1.0,L,-1.0,CLE(06-10),41.233333333333334
56.0,10.0,2009-05-22,ECF,CLE,ORL,2.0,W (+1),1.0,42:32,12.0,23.0,0.522,1.0,3.0,0.333,10.0,12.0,0.833,2.0,2.0,4.0,5.0,1.0,0.0,6.0,3.0,35.0,22.2,-7.0,0.619,0.543,7.3,6.1,6.6,26.3,1.3,0.0,17.5,38.5,113.0,113.0,22.2,H,0.0,1.0,W,1.0,CLE(06-10),42.53333333333333
57.0,11.0,2009-05-24,ECF,CLE,ORL,3.0,L (-10),1.0,41:57,11.0,28.0,0.393,1.0,8.0,0.125,18.0,24.0,0.75,0.0,7.0,7.0,9.0,2.0,1.0,2.0,3.0,41.0,31.3,-12.0,0.532,0.411,0.0,20.5,9.8,62.7,2.5,2.5,4.9,42.8,117.0,105.0,31.3,@,1.0,0.0,L,-10.0,CLE(06-10),41.95
58.0,12.0,2009-05-26,ECF,CLE,ORL,4.0,L (-2),1.0,49:24,13.0,29.0,0.448,4.0,10.0,0.4,14.0,18.0,0.778,1.0,11.0,12.0,7.0,1.0,1.0,8.0,5.0,44.0,27.9,6.0,0.596,0.517,2.6,31.9,16.5,30.0,1.0,2.6,17.8,42.0,106.0,113.0,27.9,@,1.0,0.0,L,-2.0,CLE(06-10),49.4
59.0,13.0,2009-05-28,ECF,CLE,ORL,5.0,W (+10),1.0,45:30,11.0,24.0,0.458,0.0,2.0,0.0,15.0,19.0,0.789,3.0,11.0,14.0,12.0,1.0,1.0,4.0,3.0,37.0,33.3,11.0,0.572,0.458,8.3,29.8,19.2,48.0,1.1,2.2,11.0,37.3,124.0,108.0,33.3,H,0.0,1.0,W,10.0,CLE(06-10),45.5
60.0,14.0,2009-05-30,ECF,CLE,ORL,6.0,L (-13),1.0,44:53,8.0,20.0,0.4,2.0,8.0,0.25,7.0,11.0,0.636,1.0,6.0,7.0,7.0,0.0,1.0,3.0,4.0,25.0,16.1,-12.0,0.503,0.45,2.4,17.3,9.2,28.3,0.0,2.1,10.8,30.2,104.0,120.0,16.1,@,1.0,0.0,L,-13.0,CLE(06-10),44.88333333333333
61.0,1.0,2010-04-17,EC1,CLE,CHI,1.0,W (+13),1.0,40:14,9.0,19.0,0.474,0.0,1.0,0.0,6.0,7.0,0.857,0.0,6.0,6.0,5.0,1.0,4.0,3.0,2.0,24.0,19.2,19.0,0.543,0.474,0.0,16.3,8.1,21.1,1.2,6.0,12.0,27.3,108.0,84.0,19.2,H,0.0,1.0,W,13.0,CLE(06-10),40.233333333333334
62.0,2.0,2010-04-19,EC1,CLE,CHI,2.0,W (+10),1.0,41:05,16.0,23.0,0.696,2.0,4.0,0.5,6.0,6.0,1.0,1.0,7.0,8.0,8.0,1.0,2.0,2.0,2.0,40.0,38.3,6.0,0.78,0.739,4.0,18.6,12.8,43.9,1.3,2.9,7.2,34.9,153.0,114.0,38.3,H,0.0,1.0,W,10.0,CLE(06-10),41.083333333333336
63.0,3.0,2010-04-22,EC1,CLE,CHI,3.0,L (-2),1.0,44:16,14.0,26.0,0.538,4.0,8.0,0.5,7.0,13.0,0.538,2.0,8.0,10.0,8.0,2.0,3.0,5.0,3.0,39.0,31.3,5.0,0.615,0.615,4.4,24.1,12.8,41.7,2.3,4.5,13.6,36.7,118.0,110.0,31.3,@,1.0,0.0,L,-2.0,CLE(06-10),44.266666666666666
64.0,4.0,2010-04-25,EC1,CLE,CHI,4.0,W (+23),1.0,36:24,11.0,17.0,0.647,6.0,9.0,0.667,9.0,10.0,0.9,0.0,12.0,12.0,11.0,2.0,1.0,2.0,3.0,37.0,39.9,29.0,0.864,0.824,0.0,29.9,17.6,52.8,2.7,1.7,8.5,29.4,167.0,90.0,39.9,@,1.0,0.0,W,23.0,CLE(06-10),36.4
65.0,5.0,2010-04-27,EC1,CLE,CHI,5.0,W (+2),1.0,43:13,5.0,12.0,0.417,1.0,2.0,0.5,8.0,14.0,0.571,3.0,7.0,10.0,9.0,0.0,2.0,3.0,1.0,19.0,18.7,1.0,0.523,0.458,9.0,19.9,14.6,35.1,0.0,3.4,14.2,23.9,115.0,109.0,18.7,H,0.0,1.0,W,2.0,CLE(06-10),43.21666666666667
66.0,6.0,2010-05-01,ECS,CLE,BOS,1.0,W (+8),1.0,43:12,12.0,24.0,0.5,3.0,6.0,0.5,8.0,11.0,0.727,2.0,5.0,7.0,7.0,3.0,2.0,2.0,1.0,35.0,31.6,7.0,0.607,0.563,5.6,13.2,9.5,31.5,3.7,3.4,6.5,33.7,129.0,98.0,31.6,H,0.0,1.0,W,8.0,CLE(06-10),43.2
67.0,7.0,2010-05-03,ECS,CLE,BOS,2.0,L (-18),1.0,41:09,7.0,15.0,0.467,0.0,4.0,0.0,10.0,15.0,0.667,0.0,7.0,7.0,4.0,3.0,2.0,5.0,1.0,24.0,18.2,-16.0,0.556,0.467,0.0,24.7,10.9,23.5,3.7,4.0,18.8,30.5,95.0,103.0,18.2,H,0.0,1.0,L,-18.0,CLE(06-10),41.15
68.0,8.0,2010-05-07,ECS,CLE,BOS,3.0,W (+29),1.0,39:16,14.0,22.0,0.636,2.0,3.0,0.667,8.0,9.0,0.889,2.0,6.0,8.0,7.0,1.0,2.0,1.0,1.0,38.0,36.9,30.0,0.732,0.682,9.1,15.3,13.0,31.8,1.4,3.8,3.7,32.6,162.0,107.0,36.9,@,1.0,0.0,W,29.0,CLE(06-10),39.266666666666666
69.0,9.0,2010-05-09,ECS,CLE,BOS,4.0,L (-10),1.0,43:14,7.0,18.0,0.389,0.0,5.0,0.0,8.0,11.0,0.727,1.0,8.0,9.0,8.0,2.0,1.0,7.0,4.0,22.0,13.8,-10.0,0.482,0.389,2.7,22.8,12.5,46.2,2.3,1.8,23.5,32.8,83.0,99.0,13.8,@,1.0,0.0,L,-10.0,CLE(06-10),43.233333333333334
70.0,10.0,2010-05-11,ECS,CLE,BOS,5.0,L (-32),1.0,41:40,3.0,14.0,0.214,0.0,4.0,0.0,9.0,12.0,0.75,1.0,5.0,6.0,7.0,1.0,0.0,3.0,3.0,15.0,9.1,-22.0,0.389,0.214,3.0,17.5,9.6,32.9,1.3,0.0,13.5,25.7,86.0,132.0,9.1,H,0.0,1.0,L,-32.0,CLE(06-10),41.666666666666664
71.0,11.0,2010-05-13,ECS,CLE,BOS,6.0,L (-9),1.0,46:12,8.0,21.0,0.381,2.0,4.0,0.5,9.0,12.0,0.75,3.0,16.0,19.0,10.0,3.0,1.0,9.0,2.0,27.0,22.1,-5.0,0.514,0.429,7.1,40.5,23.2,52.8,3.2,1.7,25.5,33.3,92.0,92.0,22.1,@,1.0,0.0,L,-9.0,CLE(06-10),46.2
72.0,1.0,2011-04-16,EC1,MIA,PHI,1.0,W (+8),1.0,42:43,4.0,14.0,0.286,0.0,2.0,0.0,13.0,14.0,0.929,4.0,10.0,14.0,5.0,1.0,3.0,2.0,3.0,21.0,21.6,4.0,0.521,0.286,10.7,22.9,17.3,21.2,1.3,5.1,9.0,23.9,124.0,96.0,21.6,H,0.0,1.0,W,8.0,MIA,42.71666666666667
73.0,2.0,2011-04-18,EC1,MIA,PHI,2.0,W (+21),1.0,38:55,10.0,19.0,0.526,1.0,1.0,1.0,8.0,10.0,0.8,1.0,6.0,7.0,6.0,0.0,0.0,0.0,1.0,29.0,25.2,24.0,0.62,0.553,3.4,14.8,10.0,34.2,0.0,0.0,0.0,30.5,139.0,91.0,25.2,H,0.0,1.0,W,21.0,MIA,38.916666666666664
74.0,3.0,2011-04-21,EC1,MIA,PHI,3.0,W (+6),1.0,44:16,8.0,15.0,0.533,1.0,4.0,0.25,7.0,10.0,0.7,1.0,14.0,15.0,6.0,1.0,0.0,1.0,1.0,24.0,24.2,8.0,0.619,0.567,2.5,37.0,19.4,23.8,1.3,0.0,4.9,21.2,144.0,108.0,24.2,@,1.0,0.0,W,6.0,MIA,44.266666666666666
75.0,4.0,2011-04-24,EC1,MIA,PHI,4.0,L (-4),1.0,43:33,11.0,20.0,0.55,0.0,4.0,0.0,9.0,11.0,0.818,2.0,5.0,7.0,6.0,1.0,1.0,1.0,2.0,31.0,27.6,-4.0,0.624,0.55,4.5,13.4,8.6,37.0,1.3,1.8,3.9,29.9,132.0,103.0,27.6,@,1.0,0.0,L,-4.0,MIA,43.55
76.0,5.0,2011-04-27,EC1,MIA,PHI,5.0,W (+6),1.0,41:40,5.0,13.0,0.385,2.0,5.0,0.4,4.0,5.0,0.8,3.0,7.0,10.0,8.0,1.0,0.0,3.0,2.0,16.0,15.5,5.0,0.526,0.462,7.4,19.7,13.1,35.1,1.4,0.0,16.5,20.8,117.0,107.0,15.5,H,0.0,1.0,W,6.0,MIA,41.666666666666664
77.0,6.0,2011-05-01,ECS,MIA,BOS,1.0,W (+9),1.0,39:54,8.0,19.0,0.421,1.0,3.0,0.333,5.0,9.0,0.556,1.0,5.0,6.0,5.0,2.0,2.0,3.0,2.0,22.0,15.6,1.0,0.479,0.447,3.3,14.7,9.3,26.9,2.7,4.7,11.6,31.8,96.0,98.0,15.6,H,0.0,1.0,W,9.0,MIA,39.9
78.0,7.0,2011-05-03,ECS,MIA,BOS,2.0,W (+11),1.0,44:03,14.0,25.0,0.56,2.0,4.0,0.5,5.0,8.0,0.625,2.0,5.0,7.0,2.0,1.0,1.0,0.0,3.0,35.0,26.7,10.0,0.614,0.6,5.4,13.0,9.3,11.6,1.3,1.6,0.0,30.8,136.0,107.0,26.7,H,0.0,1.0,W,11.0,MIA,44.05
79.0,8.0,2011-05-07,ECS,MIA,BOS,3.0,L (-16),1.0,42:48,6.0,16.0,0.375,0.0,3.0,0.0,3.0,7.0,0.429,2.0,5.0,7.0,4.0,2.0,5.0,4.0,3.0,15.0,10.6,-21.0,0.393,0.375,5.5,16.5,10.5,18.5,2.8,10.0,17.3,27.1,79.0,113.0,10.6,@,1.0,0.0,L,-16.0,MIA,42.8
80.0,9.0,2011-05-09,ECS,MIA,BOS,4.0,W (+8),1.0,50:17,12.0,28.0,0.429,2.0,6.0,0.333,9.0,9.0,1.0,3.0,11.0,14.0,3.0,3.0,0.0,5.0,3.0,35.0,24.5,7.0,0.548,0.464,9.0,30.5,20.2,14.1,3.4,0.0,13.5,36.0,110.0,93.0,24.5,@,1.0,0.0,W,8.0,MIA,50.28333333333333
81.0,10.0,2011-05-11,ECS,MIA,BOS,5.0,W (+10),1.0,45:43,11.0,20.0,0.55,5.0,7.0,0.714,6.0,9.0,0.667,2.0,5.0,7.0,4.0,1.0,1.0,5.0,1.0,33.0,24.2,14.0,0.689,0.675,6.2,15.4,10.8,20.5,1.2,2.0,17.3,32.1,121.0,101.0,24.2,H,0.0,1.0,W,10.0,MIA,45.71666666666667
82.0,11.0,2011-05-15,ECF,MIA,CHI,1.0,L (-21),1.0,41:12,5.0,15.0,0.333,1.0,3.0,0.333,4.0,4.0,1.0,1.0,5.0,6.0,6.0,2.0,3.0,4.0,2.0,15.0,12.2,-14.0,0.447,0.367,3.6,12.7,9.0,26.7,2.8,5.3,19.3,26.7,89.0,120.0,12.2,@,1.0,0.0,L,-21.0,MIA,41.2
83.0,12.0,2011-05-18,ECF,MIA,CHI,2.0,W (+10),1.0,45:39,12.0,21.0,0.571,2.0,6.0,0.333,3.0,7.0,0.429,3.0,7.0,10.0,5.0,3.0,0.0,5.0,3.0,29.0,22.0,8.0,0.602,0.619,9.3,14.2,12.2,27.1,3.8,0.0,17.2,32.7,108.0,87.0,22.0,@,1.0,0.0,W,10.0,MIA,45.65
84.0,13.0,2011-05-22,ECF,MIA,CHI,3.0,W (+11),1.0,43:55,6.0,13.0,0.462,1.0,2.0,0.5,9.0,9.0,1.0,1.0,5.0,6.0,10.0,2.0,2.0,0.0,4.0,22.0,26.3,16.0,0.649,0.5,3.3,13.7,9.0,39.8,2.7,3.4,0.0,20.7,149.0,101.0,26.3,H,0.0,1.0,W,11.0,MIA,43.916666666666664
85.0,14.0,2011-05-24,ECF,MIA,CHI,4.0,W (+8),1.0,49:23,11.0,26.0,0.423,0.0,1.0,0.0,13.0,13.0,1.0,2.0,4.0,6.0,6.0,2.0,2.0,5.0,4.0,35.0,24.8,-1.0,0.552,0.423,5.4,10.0,7.8,31.9,2.2,3.4,13.6,36.9,109.0,96.0,24.8,H,0.0,1.0,W,8.0,MIA,49.38333333333333
86.0,15.0,2011-05-26,ECF,MIA,CHI,5.0,W (+3),1.0,45:46,8.0,19.0,0.421,3.0,6.0,0.5,9.0,11.0,0.818,0.0,11.0,11.0,6.0,3.0,2.0,4.0,2.0,28.0,24.2,8.0,0.587,0.5,0.0,24.5,13.3,35.7,3.6,3.6,14.4,30.6,109.0,84.0,24.2,@,1.0,0.0,W,3.0,MIA,45.766666666666666
87.0,16.0,2011-05-31,FIN,MIA,DAL,1.0,W (+8),1.0,45:15,9.0,16.0,0.563,4.0,5.0,0.8,2.0,2.0,1.0,0.0,9.0,9.0,5.0,1.0,0.0,1.0,4.0,24.0,21.0,9.0,0.711,0.688,0.0,26.5,11.6,24.7,1.3,0.0,5.6,18.7,147.0,101.0,21.0,H,0.0,1.0,W,8.0,MIA,45.25
88.0,17.0,2011-06-02,FIN,MIA,DAL,2.0,L (-2),1.0,39:37,8.0,15.0,0.533,2.0,7.0,0.286,2.0,4.0,0.5,1.0,7.0,8.0,4.0,4.0,1.0,5.0,4.0,20.0,15.6,-5.0,0.597,0.6,3.4,24.2,13.7,19.9,5.5,2.1,23.0,27.6,99.0,101.0,15.6,H,0.0,1.0,L,-2.0,MIA,39.61666666666667
89.0,18.0,2011-06-05,FIN,MIA,DAL,3.0,W (+2),1.0,45:15,6.0,14.0,0.429,1.0,4.0,0.25,4.0,4.0,1.0,0.0,3.0,3.0,9.0,2.0,0.0,4.0,3.0,17.0,13.6,1.0,0.539,0.464,0.0,8.2,4.1,34.5,2.6,0.0,20.2,22.2,104.0,108.0,13.6,@,1.0,0.0,W,2.0,MIA,45.25
90.0,19.0,2011-06-07,FIN,MIA,DAL,4.0,L (-3),1.0,45:43,3.0,11.0,0.273,0.0,3.0,0.0,2.0,4.0,0.5,3.0,6.0,9.0,7.0,2.0,0.0,4.0,4.0,8.0,5.9,-6.0,0.313,0.273,7.2,15.4,11.1,25.5,2.6,0.0,23.9,17.9,75.0,104.0,5.9,@,1.0,0.0,L,-3.0,MIA,45.71666666666667
91.0,20.0,2011-06-09,FIN,MIA,DAL,5.0,L (-9),1.0,45:38,8.0,19.0,0.421,0.0,4.0,0.0,1.0,2.0,0.5,1.0,9.0,10.0,10.0,0.0,1.0,4.0,3.0,17.0,12.4,-11.0,0.428,0.421,3.4,30.5,17.0,36.8,0.0,2.1,16.8,25.8,98.0,131.0,12.4,@,1.0,0.0,L,-9.0,MIA,45.63333333333333
92.0,21.0,2011-06-12,FIN,MIA,DAL,6.0,L (-10),1.0,40:21,9.0,15.0,0.6,2.0,5.0,0.4,1.0,4.0,0.25,1.0,3.0,4.0,6.0,1.0,1.0,6.0,2.0,21.0,13.6,-24.0,0.626,0.667,3.1,8.9,6.0,30.6,1.3,2.1,26.4,26.4,97.0,115.0,13.6,H,0.0,1.0,L,-10.0,MIA,40.35
93.0,1.0,2012-04-28,EC1,MIA,NYK,1.0,W (+33),1.0,31:41,10.0,14.0,0.714,1.0,1.0,1.0,11.0,14.0,0.786,1.0,3.0,4.0,3.0,4.0,0.0,2.0,2.0,32.0,29.9,35.0,0.794,0.75,3.9,11.4,7.7,24.1,7.4,0.0,9.0,34.1,154.0,73.0,29.9,H,0.0,1.0,W,33.0,MIA,31.683333333333334
94.0,2.0,2012-04-30,EC1,MIA,NYK,2.0,W (+10),1.0,40:35,8.0,18.0,0.444,0.0,3.0,0.0,3.0,7.0,0.429,1.0,6.0,7.0,9.0,2.0,0.0,2.0,1.0,19.0,16.4,10.0,0.451,0.444,3.4,18.7,11.3,37.3,2.8,0.0,8.7,29.4,103.0,108.0,16.4,H,0.0,1.0,W,10.0,MIA,40.583333333333336
95.0,3.0,2012-05-03,EC1,MIA,NYK,3.0,W (+17),1.0,35:50,9.0,21.0,0.429,2.0,5.0,0.4,12.0,13.0,0.923,2.0,6.0,8.0,5.0,2.0,0.0,8.0,5.0,32.0,19.2,23.0,0.599,0.476,7.7,17.1,13.1,39.5,3.2,0.0,23.0,49.1,104.0,81.0,19.2,@,1.0,0.0,W,17.0,MIA,35.833333333333336
96.0,4.0,2012-05-06,EC1,MIA,NYK,4.0,L (-2),1.0,41:27,9.0,21.0,0.429,2.0,5.0,0.4,7.0,8.0,0.875,0.0,4.0,4.0,4.0,1.0,0.0,5.0,4.0,27.0,13.9,-7.0,0.551,0.476,0.0,11.3,5.6,23.7,1.3,0.0,16.9,33.4,95.0,101.0,13.9,@,1.0,0.0,L,-2.0,MIA,41.45
97.0,5.0,2012-05-09,EC1,MIA,NYK,5.0,W (+12),1.0,39:38,7.0,16.0,0.438,2.0,6.0,0.333,13.0,15.0,0.867,1.0,7.0,8.0,7.0,2.0,1.0,4.0,2.0,29.0,25.4,6.0,0.642,0.5,3.2,21.2,12.4,33.2,2.8,1.9,15.0,31.3,128.0,104.0,25.4,H,0.0,1.0,W,12.0,MIA,39.63333333333333
98.0,6.0,2012-05-13,ECS,MIA,IND,1.0,W (+9),1.0,43:15,12.0,26.0,0.462,0.0,3.0,0.0,8.0,10.0,0.8,6.0,9.0,15.0,5.0,2.0,1.0,1.0,1.0,32.0,29.5,12.0,0.526,0.462,14.8,26.3,20.1,28.2,2.4,1.8,3.2,31.8,123.0,90.0,29.5,H,0.0,1.0,W,9.0,MIA,43.25
99.0,7.0,2012-05-15,ECS,MIA,IND,2.0,L (-3),1.0,42:49,10.0,22.0,0.455,0.0,4.0,0.0,8.0,13.0,0.615,4.0,5.0,9.0,5.0,6.0,0.0,2.0,0.0,28.0,26.4,-7.0,0.505,0.455,9.2,13.7,11.2,35.5,7.9,0.0,6.7,32.4,110.0,82.0,26.4,H,0.0,1.0,L,-3.0,MIA,42.81666666666667
100.0,8.0,2012-05-17,ECS,MIA,IND,3.0,L (-19),1.0,40:06,10.0,22.0,0.455,1.0,4.0,0.25,1.0,3.0,0.333,1.0,6.0,7.0,3.0,2.0,0.0,4.0,1.0,22.0,12.0,-9.0,0.472,0.477,2.5,17.5,9.5,21.1,2.8,0.0,14.6,32.7,88.0,107.0,12.0,@,1.0,0.0,L,-19.0,MIA,40.1
101.0,9.0,2012-05-20,ECS,MIA,IND,4.0,W (+8),1.0,43:54,14.0,27.0,0.519,0.0,0.0,0.0,12.0,16.0,0.75,6.0,12.0,18.0,9.0,2.0,2.0,5.0,1.0,40.0,37.2,4.0,0.588,0.519,14.9,32.0,23.2,43.4,2.4,3.8,12.8,39.8,122.0,95.0,37.2,@,1.0,0.0,W,8.0,MIA,43.9
102.0,10.0,2012-05-22,ECS,MIA,IND,5.0,W (+32),1.0,38:09,12.0,19.0,0.632,2.0,4.0,0.5,4.0,4.0,1.0,3.0,7.0,10.0,8.0,1.0,1.0,4.0,1.0,30.0,28.6,28.0,0.723,0.684,13.0,16.0,15.0,36.1,1.4,1.9,16.2,32.5,138.0,92.0,28.6,H,0.0,1.0,W,32.0,MIA,38.15
103.0,11.0,2012-05-24,ECS,MIA,IND,6.0,W (+12),1.0,44:46,12.0,23.0,0.522,0.0,3.0,0.0,4.0,5.0,0.8,1.0,5.0,6.0,7.0,3.0,0.0,1.0,1.0,28.0,25.0,16.0,0.556,0.522,3.4,17.3,10.2,26.7,3.7,0.0,3.8,29.9,122.0,104.0,25.0,@,1.0,0.0,W,12.0,MIA,44.766666666666666
104.0,12.0,2012-05-28,ECF,MIA,BOS,1.0,W (+14),1.0,43:53,13.0,22.0,0.591,0.0,3.0,0.0,6.0,9.0,0.667,1.0,12.0,13.0,3.0,1.0,3.0,3.0,2.0,32.0,26.3,17.0,0.616,0.591,3.0,29.2,17.6,15.1,1.3,4.9,10.4,33.7,122.0,89.0,26.3,H,0.0,1.0,W,14.0,MIA,43.88333333333333
105.0,13.0,2012-05-30,ECF,MIA,BOS,2.0,W (+4),1.0,47:39,7.0,20.0,0.35,2.0,6.0,0.333,18.0,24.0,0.75,4.0,6.0,10.0,7.0,1.0,1.0,1.0,2.0,34.0,29.8,10.0,0.556,0.4,9.5,18.0,13.2,26.7,1.2,1.7,3.2,31.4,131.0,120.0,29.8,H,0.0,1.0,W,4.0,MIA,47.65
106.0,14.0,2012-06-01,ECF,MIA,BOS,3.0,L (-10),1.0,43:18,16.0,26.0,0.615,1.0,4.0,0.25,1.0,5.0,0.2,0.0,8.0,8.0,5.0,2.0,2.0,3.0,4.0,34.0,25.3,-6.0,0.603,0.635,0.0,23.3,11.7,27.4,2.5,3.8,9.6,36.1,110.0,109.0,25.3,@,1.0,0.0,L,-10.0,MIA,43.3
107.0,15.0,2012-06-03,ECF,MIA,BOS,4.0,L (-2),1.0,48:06,12.0,25.0,0.48,1.0,3.0,0.333,4.0,8.0,0.5,1.0,5.0,6.0,3.0,1.0,1.0,7.0,6.0,29.0,11.3,1.0,0.508,0.5,3.1,12.5,8.4,15.9,1.2,1.9,19.7,36.4,84.0,99.0,11.3,@,1.0,0.0,L,-2.0,MIA,48.1
108.0,16.0,2012-06-05,ECF,MIA,BOS,5.0,L (-4),1.0,45:20,11.0,25.0,0.44,2.0,6.0,0.333,6.0,8.0,0.75,3.0,10.0,13.0,2.0,2.0,1.0,3.0,1.0,30.0,21.9,0.0,0.526,0.48,7.6,23.0,15.6,10.4,2.3,1.6,9.5,30.9,108.0,97.0,21.9,H,0.0,1.0,L,-4.0,MIA,45.333333333333336
109.0,17.0,2012-06-07,ECF,MIA,BOS,6.0,W (+19),1.0,44:49,19.0,26.0,0.731,2.0,4.0,0.5,5.0,9.0,0.556,2.0,13.0,15.0,5.0,0.0,0.0,4.0,3.0,45.0,36.4,22.0,0.751,0.769,5.8,34.0,20.6,32.2,0.0,0.0,11.8,37.2,138.0,92.0,36.4,@,1.0,0.0,W,19.0,MIA,44.81666666666667
110.0,18.0,2012-06-09,ECF,MIA,BOS,7.0,W (+13),1.0,47:32,9.0,21.0,0.429,1.0,5.0,0.2,12.0,17.0,0.706,2.0,10.0,12.0,2.0,1.0,1.0,3.0,0.0,31.0,22.4,13.0,0.544,0.452,5.8,28.1,17.1,7.5,1.2,1.8,9.5,33.5,111.0,102.0,22.4,H,0.0,1.0,W,13.0,MIA,47.53333333333333
111.0,19.0,2012-06-12,FIN,MIA,OKC,1.0,L (-11),1.0,45:50,11.0,24.0,0.458,1.0,3.0,0.333,7.0,9.0,0.778,1.0,8.0,9.0,4.0,4.0,0.0,4.0,1.0,30.0,22.3,-11.0,0.536,0.479,2.6,22.0,12.1,17.1,4.8,0.0,12.5,34.9,101.0,112.0,22.3,@,1.0,0.0,L,-11.0,MIA,45.833333333333336
112.0,20.0,2012-06-14,FIN,MIA,OKC,2.0,W (+4),1.0,42:19,10.0,22.0,0.455,0.0,2.0,0.0,12.0,12.0,1.0,2.0,6.0,8.0,5.0,1.0,0.0,2.0,4.0,32.0,24.7,6.0,0.587,0.455,6.1,17.5,11.9,23.0,1.3,0.0,6.8,33.2,130.0,111.0,24.7,@,1.0,0.0,W,4.0,MIA,42.31666666666667
113.0,21.0,2012-06-17,FIN,MIA,OKC,3.0,W (+6),1.0,43:50,11.0,23.0,0.478,1.0,4.0,0.25,6.0,8.0,0.75,5.0,9.0,14.0,3.0,0.0,0.0,4.0,1.0,29.0,20.4,8.0,0.547,0.5,13.4,23.5,18.5,20.6,0.0,0.0,13.1,33.0,111.0,102.0,20.4,H,0.0,1.0,W,6.0,MIA,43.833333333333336
114.0,22.0,2012-06-19,FIN,MIA,OKC,4.0,W (+6),1.0,44:21,10.0,20.0,0.5,1.0,4.0,0.25,5.0,8.0,0.625,3.0,6.0,9.0,12.0,2.0,0.0,3.0,2.0,26.0,25.3,8.0,0.553,0.525,9.0,16.7,13.0,47.8,2.4,0.0,11.3,29.0,124.0,110.0,25.3,H,0.0,1.0,W,6.0,MIA,44.35
115.0,23.0,2012-06-21,FIN,MIA,OKC,5.0,W (+15),1.0,44:09,9.0,19.0,0.474,0.0,3.0,0.0,8.0,9.0,0.889,4.0,7.0,11.0,13.0,1.0,2.0,6.0,2.0,26.0,25.5,20.0,0.566,0.474,12.1,17.7,15.1,46.8,1.1,3.7,20.7,30.1,120.0,110.0,25.5,H,0.0,1.0,W,15.0,MIA,44.15
116.0,1.0,2013-04-21,EC1,MIA,MIL,1.0,W (+23),1.0,34:31,9.0,11.0,0.818,1.0,2.0,0.5,8.0,11.0,0.727,2.0,8.0,10.0,8.0,0.0,0.0,5.0,2.0,27.0,25.3,14.0,0.852,0.864,8.7,24.7,18.1,43.7,0.0,0.0,24.0,28.5,140.0,99.0,25.3,H,0.0,1.0,W,23.0,MIA,34.516666666666666
117.0,2.0,2013-04-23,EC1,MIA,MIL,2.0,W (+12),1.0,38:39,6.0,14.0,0.429,0.0,3.0,0.0,7.0,8.0,0.875,1.0,7.0,8.0,6.0,1.0,0.0,4.0,2.0,19.0,14.4,13.0,0.542,0.429,3.0,24.8,13.1,27.0,1.4,0.0,18.6,25.8,106.0,98.0,14.4,H,0.0,1.0,W,12.0,MIA,38.65
118.0,3.0,2013-04-25,EC1,MIA,MIL,3.0,W (+13),1.0,32:48,9.0,14.0,0.643,2.0,4.0,0.5,2.0,4.0,0.5,0.0,5.0,5.0,6.0,0.0,0.0,5.0,2.0,22.0,14.9,14.0,0.698,0.714,0.0,18.3,9.0,31.6,0.0,0.0,24.1,27.9,107.0,101.0,14.9,@,1.0,0.0,W,13.0,MIA,32.8
119.0,4.0,2013-04-28,EC1,MIA,MIL,4.0,W (+11),1.0,41:06,13.0,20.0,0.65,0.0,2.0,0.0,4.0,7.0,0.571,2.0,6.0,8.0,7.0,3.0,1.0,5.0,3.0,30.0,25.6,16.0,0.65,0.65,7.1,15.2,11.8,43.4,4.1,2.0,17.8,34.8,114.0,86.0,25.6,@,1.0,0.0,W,11.0,MIA,41.1
120.0,5.0,2013-05-06,ECS,MIA,CHI,1.0,L (-7),1.0,43:44,8.0,17.0,0.471,1.0,3.0,0.333,7.0,9.0,0.778,2.0,6.0,8.0,7.0,2.0,1.0,2.0,2.0,24.0,22.5,-15.0,0.573,0.5,5.0,19.4,11.3,34.6,2.5,2.1,8.7,26.0,117.0,105.0,22.5,H,0.0,1.0,L,-7.0,MIA,43.733333333333334
121.0,6.0,2013-05-08,ECS,MIA,CHI,2.0,W (+37),1.0,32:29,7.0,12.0,0.583,1.0,3.0,0.333,4.0,8.0,0.5,0.0,5.0,5.0,9.0,3.0,0.0,3.0,1.0,19.0,19.2,25.0,0.612,0.625,0.0,16.4,10.7,42.0,5.0,0.0,16.2,27.4,124.0,83.0,19.2,H,0.0,1.0,W,37.0,MIA,32.483333333333334
122.0,7.0,2013-05-10,ECS,MIA,CHI,3.0,W (+10),1.0,44:25,6.0,17.0,0.353,2.0,4.0,0.5,11.0,11.0,1.0,0.0,8.0,8.0,7.0,2.0,0.0,1.0,0.0,25.0,23.8,7.0,0.572,0.412,0.0,21.1,11.4,26.5,2.5,0.0,4.4,25.9,131.0,106.0,23.8,@,1.0,0.0,W,10.0,MIA,44.416666666666664
123.0,8.0,2013-05-13,ECS,MIA,CHI,4.0,W (+23),1.0,43:12,9.0,20.0,0.45,1.0,4.0,0.25,8.0,9.0,0.889,0.0,7.0,7.0,8.0,2.0,0.0,5.0,0.0,27.0,20.9,27.0,0.563,0.475,0.0,16.2,9.5,38.6,2.7,0.0,17.3,34.5,105.0,77.0,20.9,@,1.0,0.0,W,23.0,MIA,43.2
124.0,9.0,2013-05-15,ECS,MIA,CHI,5.0,W (+3),1.0,44:26,5.0,14.0,0.357,1.0,3.0,0.333,12.0,15.0,0.8,0.0,7.0,7.0,8.0,2.0,0.0,2.0,3.0,23.0,20.5,4.0,0.558,0.393,0.0,18.4,10.5,32.5,2.6,0.0,8.8,25.8,120.0,107.0,20.5,H,0.0,1.0,W,3.0,MIA,44.43333333333333
125.0,10.0,2013-05-22,ECF,MIA,IND,1.0,W (+1),1.0,46:33,12.0,24.0,0.5,2.0,6.0,0.333,4.0,7.0,0.571,3.0,7.0,10.0,10.0,0.0,3.0,4.0,5.0,30.0,24.1,3.0,0.554,0.542,8.1,20.4,14.1,41.6,0.0,5.0,12.9,30.2,118.0,106.0,24.1,H,0.0,1.0,W,1.0,MIA,46.55
126.0,11.0,2013-05-24,ECF,MIA,IND,2.0,L (-4),1.0,45:17,14.0,20.0,0.7,3.0,7.0,0.429,5.0,7.0,0.714,4.0,4.0,8.0,3.0,3.0,1.0,5.0,3.0,36.0,30.4,-7.0,0.78,0.775,11.2,12.8,11.9,16.6,3.8,2.0,17.8,30.2,133.0,111.0,30.4,H,0.0,1.0,L,-4.0,MIA,45.28333333333333
127.0,12.0,2013-05-26,ECF,MIA,IND,3.0,W (+18),1.0,41:13,8.0,17.0,0.471,0.0,1.0,0.0,6.0,6.0,1.0,0.0,4.0,4.0,3.0,0.0,0.0,0.0,0.0,22.0,16.6,22.0,0.56,0.471,0.0,9.7,5.8,10.7,0.0,0.0,0.0,24.2,123.0,119.0,16.6,@,1.0,0.0,W,18.0,MIA,41.21666666666667
128.0,13.0,2013-05-28,ECF,MIA,IND,4.0,L (-7),1.0,43:19,8.0,18.0,0.444,4.0,7.0,0.571,4.0,6.0,0.667,4.0,2.0,6.0,5.0,1.0,3.0,2.0,6.0,24.0,19.4,-3.0,0.581,0.556,9.6,6.7,8.4,26.2,1.4,5.9,8.8,26.4,123.0,126.0,19.4,@,1.0,0.0,L,-7.0,MIA,43.31666666666667
129.0,14.0,2013-05-30,ECF,MIA,IND,5.0,W (+11),1.0,44:29,13.0,26.0,0.5,3.0,7.0,0.429,1.0,4.0,0.25,0.0,8.0,8.0,6.0,2.0,1.0,3.0,1.0,30.0,21.7,14.0,0.54,0.558,0.0,27.0,13.3,27.0,2.6,1.9,9.8,36.8,104.0,91.0,21.7,H,0.0,1.0,W,11.0,MIA,44.483333333333334
130.0,15.0,2013-06-01,ECF,MIA,IND,6.0,L (-14),1.0,42:17,10.0,21.0,0.476,2.0,4.0,0.5,7.0,8.0,0.875,0.0,7.0,7.0,6.0,2.0,1.0,4.0,2.0,29.0,22.1,-22.0,0.591,0.524,0.0,20.4,9.2,46.5,2.7,1.8,14.0,34.7,112.0,105.0,22.1,@,1.0,0.0,L,-14.0,MIA,42.28333333333333
131.0,16.0,2013-06-03,ECF,MIA,IND,7.0,W (+23),1.0,40:49,8.0,17.0,0.471,1.0,2.0,0.5,15.0,16.0,0.938,2.0,6.0,8.0,4.0,2.0,1.0,2.0,1.0,32.0,29.2,21.0,0.666,0.5,5.3,19.6,11.8,22.8,2.7,2.4,7.7,29.5,142.0,86.0,29.2,H,0.0,1.0,W,23.0,MIA,40.81666666666667
132.0,17.0,2013-06-06,FIN,MIA,SAS,1.0,L (-4),1.0,41:35,7.0,16.0,0.438,1.0,5.0,0.2,3.0,4.0,0.75,2.0,16.0,18.0,10.0,0.0,0.0,2.0,0.0,18.0,20.4,-3.0,0.507,0.469,5.8,43.0,25.0,44.5,0.0,0.0,10.1,24.4,115.0,106.0,20.4,H,0.0,1.0,L,-4.0,MIA,41.583333333333336
133.0,18.0,2013-06-09,FIN,MIA,SAS,2.0,W (+19),1.0,40:33,7.0,17.0,0.412,1.0,3.0,0.333,2.0,2.0,1.0,1.0,7.0,8.0,7.0,3.0,3.0,2.0,2.0,17.0,17.9,29.0,0.475,0.441,3.1,19.7,11.8,25.3,4.3,6.1,10.1,24.7,107.0,91.0,17.9,H,0.0,1.0,W,19.0,MIA,40.55
134.0,19.0,2013-06-11,FIN,MIA,SAS,3.0,L (-36),1.0,39:07,7.0,21.0,0.333,1.0,5.0,0.2,0.0,0.0,0.0,1.0,10.0,11.0,5.0,2.0,0.0,2.0,0.0,15.0,10.3,-32.0,0.357,0.357,2.9,26.7,15.3,27.4,2.8,0.0,8.7,29.3,79.0,122.0,10.3,@,1.0,0.0,L,-36.0,MIA,39.11666666666667
135.0,20.0,2013-06-13,FIN,MIA,SAS,4.0,W (+16),1.0,41:23,15.0,25.0,0.6,1.0,2.0,0.5,2.0,4.0,0.5,3.0,8.0,11.0,4.0,2.0,2.0,1.0,2.0,33.0,29.6,8.0,0.617,0.62,9.2,23.8,16.6,16.8,2.5,4.3,3.6,31.7,126.0,97.0,29.6,@,1.0,0.0,W,16.0,MIA,41.38333333333333
136.0,21.0,2013-06-16,FIN,MIA,SAS,5.0,L (-10),1.0,43:41,8.0,22.0,0.364,2.0,4.0,0.5,7.0,9.0,0.778,3.0,3.0,6.0,8.0,4.0,0.0,3.0,1.0,25.0,21.2,-9.0,0.482,0.409,7.7,12.2,9.4,31.2,4.7,0.0,10.4,29.2,109.0,117.0,21.2,@,1.0,0.0,L,-10.0,MIA,43.68333333333333
137.0,22.0,2013-06-18,FIN,MIA,SAS,6.0,W (+3),1.0,49:46,11.0,26.0,0.423,1.0,5.0,0.2,9.0,12.0,0.75,4.0,6.0,10.0,11.0,3.0,1.0,6.0,3.0,32.0,25.8,-1.0,0.512,0.442,9.5,15.2,12.2,44.6,3.4,1.6,16.1,37.7,108.0,105.0,25.8,H,0.0,1.0,W,3.0,MIA,49.766666666666666
138.0,23.0,2013-06-20,FIN,MIA,SAS,7.0,W (+7),1.0,45:00,12.0,23.0,0.522,5.0,10.0,0.5,8.0,8.0,1.0,3.0,9.0,12.0,4.0,2.0,0.0,2.0,2.0,37.0,32.5,8.0,0.698,0.63,7.6,21.8,14.9,18.4,2.4,0.0,7.0,29.0,144.0,95.0,32.5,H,0.0,1.0,W,7.0,MIA,45.0
139.0,1.0,2014-04-20,EC1,MIA,CHA,1.0,W (+11),1.0,38:32,8.0,16.0,0.5,4.0,8.0,0.5,7.0,10.0,0.7,0.0,9.0,9.0,1.0,0.0,0.0,3.0,1.0,27.0,17.8,0.0,0.662,0.625,0.0,28.0,13.7,5.0,0.0,0.0,12.8,30.9,115.0,102.0,17.8,H,0.0,1.0,W,11.0,MIA,38.53333333333333
140.0,2.0,2014-04-23,EC1,MIA,CHA,2.0,W (+4),1.0,39:50,11.0,17.0,0.647,1.0,5.0,0.2,9.0,12.0,0.75,0.0,6.0,6.0,8.0,4.0,0.0,4.0,2.0,32.0,29.9,6.0,0.718,0.676,0.0,15.1,9.3,44.3,5.3,0.0,15.2,32.7,131.0,100.0,29.9,H,0.0,1.0,W,4.0,MIA,39.833333333333336
141.0,3.0,2014-04-26,EC1,MIA,CHA,3.0,W (+13),1.0,35:59,10.0,18.0,0.556,1.0,2.0,0.5,9.0,10.0,0.9,0.0,10.0,10.0,6.0,2.0,0.0,2.0,1.0,30.0,27.8,20.0,0.67,0.583,0.0,36.1,17.3,35.3,3.0,0.0,8.2,33.3,129.0,94.0,27.8,@,1.0,0.0,W,13.0,MIA,35.983333333333334
142.0,4.0,2014-04-28,EC1,MIA,CHA,4.0,W (+11),1.0,42:54,10.0,19.0,0.526,1.0,5.0,0.2,10.0,12.0,0.833,0.0,7.0,7.0,9.0,3.0,1.0,2.0,3.0,31.0,29.8,12.0,0.638,0.553,0.0,23.0,11.4,36.2,3.7,2.5,7.6,29.8,130.0,101.0,29.8,@,1.0,0.0,W,11.0,MIA,42.9
143.0,5.0,2014-05-06,ECS,MIA,BRK,1.0,W (+21),1.0,36:21,10.0,15.0,0.667,0.0,0.0,0.0,2.0,2.0,1.0,1.0,4.0,5.0,3.0,0.0,0.0,1.0,2.0,22.0,17.7,10.0,0.693,0.667,4.4,13.5,9.6,13.8,0.0,0.0,5.9,24.5,136.0,107.0,17.7,H,0.0,1.0,W,21.0,MIA,36.35
144.0,6.0,2014-05-08,ECS,MIA,BRK,2.0,W (+12),1.0,39:07,9.0,18.0,0.5,0.0,3.0,0.0,4.0,6.0,0.667,0.0,4.0,4.0,3.0,2.0,1.0,2.0,2.0,22.0,15.4,6.0,0.533,0.5,0.0,11.4,6.2,15.4,3.0,2.3,8.8,32.0,104.0,101.0,15.4,H,0.0,1.0,W,12.0,MIA,39.11666666666667
145.0,7.0,2014-05-10,ECS,MIA,BRK,3.0,L (-14),1.0,39:39,8.0,15.0,0.533,3.0,7.0,0.429,9.0,10.0,0.9,0.0,8.0,8.0,5.0,1.0,1.0,2.0,2.0,28.0,25.1,-14.0,0.722,0.633,0.0,31.2,13.8,28.4,1.5,2.6,9.3,29.1,138.0,123.0,25.1,@,1.0,0.0,L,-14.0,MIA,39.65
146.0,8.0,2014-05-12,ECS,MIA,BRK,4.0,W (+6),1.0,43:28,16.0,24.0,0.667,3.0,6.0,0.5,14.0,19.0,0.737,0.0,6.0,6.0,2.0,3.0,0.0,1.0,5.0,49.0,39.8,13.0,0.757,0.729,0.0,16.2,9.0,11.4,4.0,0.0,3.0,41.0,153.0,112.0,39.8,@,1.0,0.0,W,6.0,MIA,43.46666666666667
147.0,9.0,2014-05-14,ECS,MIA,BRK,5.0,W (+2),1.0,43:36,6.0,14.0,0.429,2.0,5.0,0.4,15.0,17.0,0.882,2.0,7.0,9.0,5.0,0.0,1.0,5.0,1.0,29.0,23.1,4.0,0.675,0.5,7.1,20.3,14.4,24.6,0.0,2.0,18.9,32.2,123.0,116.0,23.1,H,0.0,1.0,W,2.0,MIA,43.6
148.0,10.0,2014-05-18,ECF,MIA,IND,1.0,L (-11),1.0,40:50,11.0,18.0,0.611,1.0,5.0,0.2,2.0,2.0,1.0,1.0,9.0,10.0,5.0,3.0,0.0,4.0,3.0,25.0,21.5,-13.0,0.662,0.639,3.4,33.1,17.5,21.7,4.0,0.0,17.5,28.1,112.0,114.0,21.5,@,1.0,0.0,L,-11.0,MIA,40.833333333333336
149.0,11.0,2014-05-20,ECF,MIA,IND,2.0,W (+4),1.0,42:21,9.0,18.0,0.5,1.0,5.0,0.2,3.0,6.0,0.5,0.0,7.0,7.0,6.0,2.0,3.0,3.0,3.0,22.0,18.0,4.0,0.533,0.528,0.0,16.5,10.0,28.6,2.9,5.6,12.7,31.2,104.0,99.0,18.0,@,1.0,0.0,W,4.0,MIA,42.35
150.0,12.0,2014-05-24,ECF,MIA,IND,3.0,W (+12),1.0,39:46,9.0,14.0,0.643,1.0,2.0,0.5,7.0,9.0,0.778,1.0,4.0,5.0,7.0,3.0,0.0,6.0,2.0,26.0,22.0,24.0,0.724,0.679,4.2,16.6,10.4,32.3,4.3,0.0,25.0,31.5,121.0,100.0,22.0,H,0.0,1.0,W,12.0,MIA,39.766666666666666
151.0,13.0,2014-05-26,ECF,MIA,IND,4.0,W (+12),1.0,35:48,13.0,21.0,0.619,2.0,3.0,0.667,4.0,4.0,1.0,0.0,10.0,10.0,5.0,2.0,0.0,2.0,3.0,32.0,27.8,10.0,0.703,0.667,0.0,36.2,18.9,46.0,3.3,0.0,8.1,37.3,134.0,102.0,27.8,H,0.0,1.0,W,12.0,MIA,35.8
152.0,14.0,2014-05-28,ECF,MIA,IND,5.0,L (-3),1.0,24:21,2.0,10.0,0.2,1.0,3.0,0.333,2.0,3.0,0.667,1.0,1.0,2.0,4.0,0.0,1.0,3.0,5.0,7.0,-0.1,1.0,0.309,0.25,4.9,4.6,4.8,26.2,0.0,3.5,20.9,29.6,74.0,116.0,-0.1,@,1.0,0.0,L,-3.0,MIA,24.35
153.0,15.0,2014-05-30,ECF,MIA,IND,6.0,W (+25),1.0,31:39,8.0,12.0,0.667,0.0,0.0,0.0,9.0,9.0,1.0,1.0,3.0,4.0,6.0,1.0,1.0,2.0,1.0,25.0,24.9,27.0,0.783,0.667,4.7,13.8,9.3,28.6,1.8,3.4,11.1,28.9,155.0,108.0,24.9,H,0.0,1.0,W,25.0,MIA,31.65
154.0,16.0,2014-06-05,FIN,MIA,SAS,1.0,L (-15),1.0,32:53,9.0,17.0,0.529,2.0,3.0,0.667,5.0,6.0,0.833,3.0,3.0,6.0,3.0,3.0,0.0,4.0,1.0,25.0,20.0,0.0,0.636,0.588,10.7,16.2,12.9,18.4,4.8,0.0,16.9,34.9,115.0,116.0,20.0,@,1.0,0.0,L,-15.0,MIA,32.88333333333333
155.0,17.0,2014-06-08,FIN,MIA,SAS,2.0,W (+2),1.0,37:36,14.0,22.0,0.636,3.0,3.0,1.0,4.0,5.0,0.8,2.0,8.0,10.0,3.0,2.0,0.0,4.0,3.0,35.0,27.5,11.0,0.723,0.705,8.2,23.2,17.0,20.0,2.9,0.0,14.2,39.0,127.0,104.0,27.5,@,1.0,0.0,W,2.0,MIA,37.6
156.0,18.0,2014-06-10,FIN,MIA,SAS,3.0,L (-19),1.0,39:49,9.0,14.0,0.643,2.0,4.0,0.5,2.0,3.0,0.667,1.0,4.0,5.0,7.0,5.0,0.0,7.0,5.0,22.0,18.2,-21.0,0.718,0.714,4.2,18.5,11.0,39.9,7.1,0.0,31.4,29.1,108.0,120.0,18.2,H,0.0,1.0,L,-19.0,MIA,39.81666666666667
157.0,19.0,2014-06-12,FIN,MIA,SAS,4.0,L (-21),1.0,37:39,10.0,17.0,0.588,4.0,8.0,0.5,4.0,6.0,0.667,0.0,8.0,8.0,2.0,0.0,0.0,3.0,0.0,28.0,20.1,-21.0,0.713,0.706,0.0,30.9,14.4,13.2,0.0,0.0,13.3,31.1,123.0,127.0,20.1,H,0.0,1.0,L,-21.0,MIA,37.65
158.0,20.0,2014-06-15,FIN,MIA,SAS,5.0,L (-17),1.0,41:16,10.0,21.0,0.476,3.0,9.0,0.333,8.0,9.0,0.889,1.0,9.0,10.0,5.0,0.0,2.0,1.0,1.0,31.0,26.8,-16.0,0.621,0.548,3.0,24.9,14.4,31.7,0.0,4.5,3.9,31.2,127.0,115.0,26.8,@,1.0,0.0,L,-17.0,MIA,41.266666666666666
159.0,1.0,2015-04-19,EC1,CLE,BOS,1.0,W (+13),1.0,41:55,8.0,18.0,0.444,1.0,3.0,0.333,3.0,4.0,0.75,0.0,6.0,6.0,7.0,2.0,1.0,5.0,2.0,20.0,13.8,3.0,0.506,0.472,0.0,18.1,8.6,28.8,2.5,2.0,20.2,26.1,100.0,106.0,13.8,H,0.0,1.0,W,13.0,CLE(15-18),41.916666666666664
160.0,2.0,2015-04-21,EC1,CLE,BOS,2.0,W (+8),1.0,41:48,11.0,22.0,0.5,1.0,5.0,0.2,7.0,8.0,0.875,1.0,8.0,9.0,7.0,0.0,2.0,6.0,3.0,30.0,20.8,11.0,0.588,0.523,3.0,19.1,12.0,37.6,0.0,3.6,19.0,34.3,109.0,103.0,20.8,H,0.0,1.0,W,8.0,CLE(15-18),41.8
161.0,3.0,2015-04-23,EC1,CLE,BOS,3.0,W (+8),1.0,41:58,13.0,26.0,0.5,1.0,5.0,0.2,4.0,5.0,0.8,1.0,10.0,11.0,4.0,4.0,2.0,2.0,1.0,31.0,27.1,0.0,0.55,0.519,2.4,26.6,14.0,19.8,4.9,3.6,6.6,32.7,113.0,91.0,27.1,@,1.0,0.0,W,8.0,CLE(15-18),41.96666666666667
162.0,4.0,2015-04-26,EC1,CLE,BOS,4.0,W (+8),1.0,46:22,10.0,24.0,0.417,1.0,7.0,0.143,6.0,10.0,0.6,0.0,10.0,10.0,8.0,3.0,1.0,6.0,2.0,27.0,18.1,7.0,0.475,0.438,0.0,20.3,10.9,40.1,3.2,1.7,17.4,33.9,91.0,92.0,18.1,@,1.0,0.0,W,8.0,CLE(15-18),46.36666666666667
163.0,5.0,2015-05-04,ECS,CLE,CHI,1.0,L (-7),1.0,41:56,9.0,22.0,0.409,0.0,3.0,0.0,1.0,2.0,0.5,4.0,11.0,15.0,9.0,3.0,1.0,6.0,4.0,19.0,15.3,-11.0,0.415,0.409,10.9,32.3,21.2,43.5,4.1,1.8,20.8,33.6,88.0,106.0,15.3,H,0.0,1.0,L,-7.0,CLE(15-18),41.93333333333333
164.0,6.0,2015-05-06,ECS,CLE,CHI,2.0,W (+15),1.0,34:13,13.0,29.0,0.448,0.0,2.0,0.0,7.0,9.0,0.778,3.0,5.0,8.0,5.0,2.0,1.0,2.0,2.0,33.0,24.1,31.0,0.501,0.448,10.5,16.7,13.7,37.4,3.2,2.5,5.7,47.3,117.0,101.0,24.1,H,0.0,1.0,W,15.0,CLE(15-18),34.21666666666667
165.0,7.0,2015-05-08,ECS,CLE,CHI,3.0,L (-3),1.0,43:39,8.0,25.0,0.32,1.0,7.0,0.143,10.0,11.0,0.909,2.0,6.0,8.0,14.0,1.0,1.0,7.0,4.0,27.0,18.4,1.0,0.452,0.34,4.9,13.7,9.5,66.4,1.2,1.6,19.0,40.0,97.0,114.0,18.4,@,1.0,0.0,L,-3.0,CLE(15-18),43.65
166.0,8.0,2015-05-10,ECS,CLE,CHI,4.0,W (+2),1.0,43:09,10.0,30.0,0.333,1.0,7.0,0.143,4.0,4.0,1.0,2.0,12.0,14.0,8.0,1.0,2.0,8.0,4.0,25.0,11.4,5.0,0.394,0.35,6.4,27.2,18.5,49.8,1.2,3.3,20.1,44.0,75.0,88.0,11.4,@,1.0,0.0,W,2.0,CLE(15-18),43.15
167.0,9.0,2015-05-12,ECS,CLE,CHI,5.0,W (+5),1.0,40:56,14.0,24.0,0.583,1.0,5.0,0.2,9.0,12.0,0.75,2.0,10.0,12.0,6.0,3.0,3.0,0.0,3.0,38.0,38.1,-4.0,0.649,0.604,6.0,27.9,17.4,29.8,4.0,5.8,0.0,34.0,147.0,102.0,38.1,H,0.0,1.0,W,5.0,CLE(15-18),40.93333333333333
168.0,10.0,2015-05-14,ECS,CLE,CHI,6.0,W (+21),1.0,41:03,7.0,23.0,0.304,0.0,4.0,0.0,1.0,2.0,0.5,1.0,8.0,9.0,11.0,0.0,2.0,4.0,4.0,15.0,7.9,20.0,0.314,0.304,3.0,20.3,12.4,51.8,0.0,3.9,14.3,33.0,90.0,91.0,7.9,@,1.0,0.0,W,21.0,CLE(15-18),41.05
169.0,11.0,2015-05-20,ECF,CLE,ATL,1.0,W (+8),1.0,38:02,12.0,26.0,0.462,0.0,1.0,0.0,7.0,8.0,0.875,1.0,7.0,8.0,6.0,1.0,0.0,4.0,3.0,31.0,20.0,3.0,0.525,0.462,3.0,20.1,11.7,34.6,1.4,0.0,11.9,40.4,107.0,98.0,20.0,@,1.0,0.0,W,8.0,CLE(15-18),38.03333333333333
170.0,12.0,2015-05-22,ECF,CLE,ATL,2.0,W (+12),1.0,38:58,10.0,22.0,0.455,2.0,7.0,0.286,8.0,11.0,0.727,1.0,8.0,9.0,11.0,0.0,1.0,4.0,1.0,30.0,24.5,18.0,0.559,0.5,2.9,22.9,12.9,65.5,0.0,2.3,13.0,38.2,118.0,95.0,24.5,@,1.0,0.0,W,12.0,CLE(15-18),38.96666666666667
171.0,13.0,2015-05-24,ECF,CLE,ATL,3.0,W (+3),1.0,46:47,14.0,37.0,0.378,1.0,6.0,0.167,8.0,10.0,0.8,8.0,10.0,18.0,13.0,3.0,0.0,6.0,4.0,37.0,29.0,-3.0,0.447,0.392,16.5,26.3,20.8,61.0,3.4,0.0,12.7,43.7,108.0,105.0,29.0,H,0.0,1.0,W,3.0,CLE(15-18),46.78333333333333
172.0,14.0,2015-05-26,ECF,CLE,ATL,4.0,W (+30),1.0,29:10,10.0,20.0,0.5,2.0,6.0,0.333,1.0,4.0,0.25,0.0,9.0,9.0,7.0,2.0,1.0,1.0,2.0,23.0,20.3,20.0,0.528,0.55,0.0,29.6,15.6,43.4,3.5,3.1,4.4,34.0,119.0,86.0,20.3,H,0.0,1.0,W,30.0,CLE(15-18),29.166666666666668
173.0,15.0,2015-06-04,FIN,CLE,GSW,1.0,L (-8),1.0,45:46,18.0,38.0,0.474,2.0,8.0,0.25,6.0,10.0,0.6,0.0,8.0,8.0,6.0,0.0,0.0,4.0,2.0,44.0,24.8,-3.0,0.519,0.5,0.0,21.5,10.0,38.3,0.0,0.0,8.6,47.4,104.0,117.0,24.8,@,1.0,0.0,L,-8.0,CLE(15-18),45.766666666666666
174.0,16.0,2015-06-07,FIN,CLE,GSW,2.0,W (+2),1.0,50:20,11.0,35.0,0.314,3.0,6.0,0.5,14.0,18.0,0.778,4.0,12.0,16.0,11.0,1.0,1.0,3.0,3.0,39.0,28.9,0.0,0.454,0.357,8.6,24.8,16.8,66.5,1.0,2.2,6.5,40.1,108.0,92.0,28.9,@,1.0,0.0,W,2.0,CLE(15-18),50.333333333333336
175.0,17.0,2015-06-09,FIN,CLE,GSW,3.0,W (+5),1.0,46:00,14.0,34.0,0.412,2.0,6.0,0.333,10.0,12.0,0.833,1.0,11.0,12.0,8.0,4.0,2.0,4.0,1.0,40.0,31.6,7.0,0.509,0.441,3.1,20.9,14.1,40.9,4.6,3.7,9.2,44.9,106.0,89.0,31.6,H,0.0,1.0,W,5.0,CLE(15-18),46.0
176.0,18.0,2015-06-11,FIN,CLE,GSW,4.0,L (-21),1.0,40:55,7.0,22.0,0.318,1.0,4.0,0.25,5.0,10.0,0.5,2.0,10.0,12.0,8.0,0.0,0.0,2.0,5.0,20.0,11.4,-15.0,0.379,0.341,4.3,30.1,15.1,45.1,0.0,0.0,7.0,30.5,89.0,116.0,11.4,H,0.0,1.0,L,-21.0,CLE(15-18),40.916666666666664
177.0,19.0,2015-06-14,FIN,CLE,GSW,5.0,L (-13),1.0,44:46,15.0,34.0,0.441,3.0,8.0,0.375,7.0,9.0,0.778,1.0,13.0,14.0,11.0,1.0,0.0,2.0,5.0,40.0,30.7,-11.0,0.527,0.485,2.6,36.7,18.8,74.1,1.2,0.0,5.0,42.7,119.0,112.0,30.7,@,1.0,0.0,L,-13.0,CLE(15-18),44.766666666666666
178.0,20.0,2015-06-16,FIN,CLE,GSW,6.0,L (-8),1.0,46:42,13.0,33.0,0.394,2.0,10.0,0.2,4.0,8.0,0.5,3.0,15.0,18.0,9.0,2.0,0.0,6.0,3.0,32.0,20.2,-3.0,0.438,0.424,6.4,32.8,19.5,49.6,2.1,0.0,14.1,38.0,94.0,104.0,20.2,H,0.0,1.0,L,-8.0,CLE(15-18),46.7
179.0,1.0,2016-04-17,EC1,CLE,DET,1.0,W (+5),1.0,40:51,9.0,17.0,0.529,0.0,3.0,0.0,4.0,4.0,1.0,1.0,5.0,6.0,11.0,2.0,2.0,1.0,3.0,22.0,24.8,18.0,0.586,0.529,2.7,17.8,9.2,45.5,2.8,5.3,5.1,22.9,137.0,114.0,24.8,H,0.0,1.0,W,5.0,CLE(15-18),40.85
180.0,2.0,2016-04-20,EC1,CLE,DET,2.0,W (+17),1.0,39:44,12.0,18.0,0.667,2.0,4.0,0.5,1.0,3.0,0.333,1.0,5.0,6.0,3.0,3.0,0.0,5.0,3.0,27.0,19.5,10.0,0.699,0.722,3.5,14.4,9.4,14.2,4.0,0.0,20.6,29.9,110.0,95.0,19.5,H,0.0,1.0,W,17.0,CLE(15-18),39.733333333333334
181.0,3.0,2016-04-22,EC1,CLE,DET,3.0,W (+10),1.0,42:55,8.0,24.0,0.333,1.0,6.0,0.167,3.0,5.0,0.6,1.0,12.0,13.0,7.0,0.0,1.0,5.0,2.0,20.0,9.7,17.0,0.382,0.354,2.9,34.4,18.6,26.1,0.0,2.2,16.0,36.1,85.0,108.0,9.7,@,1.0,0.0,W,10.0,CLE(15-18),42.916666666666664
182.0,4.0,2016-04-24,EC1,CLE,DET,4.0,W (+2),1.0,41:27,9.0,19.0,0.474,1.0,6.0,0.167,3.0,3.0,1.0,2.0,9.0,11.0,6.0,2.0,0.0,2.0,4.0,22.0,19.0,5.0,0.541,0.5,5.1,27.4,15.3,27.2,2.7,0.0,9.0,26.2,117.0,110.0,19.0,@,1.0,0.0,W,2.0,CLE(15-18),41.45
183.0,5.0,2016-05-02,ECS,CLE,ATL,1.0,W (+11),1.0,40:34,11.0,21.0,0.524,2.0,4.0,0.5,1.0,1.0,1.0,0.0,7.0,7.0,9.0,5.0,1.0,4.0,3.0,25.0,23.6,16.0,0.583,0.571,0.0,16.9,9.0,44.4,6.7,2.2,15.7,30.0,111.0,93.0,23.6,H,0.0,1.0,W,11.0,CLE(15-18),40.56666666666667
184.0,6.0,2016-05-04,ECS,CLE,ATL,2.0,W (+25),1.0,28:08,9.0,15.0,0.6,4.0,6.0,0.667,5.0,9.0,0.556,0.0,4.0,4.0,5.0,3.0,0.0,2.0,4.0,27.0,22.6,24.0,0.712,0.733,0.0,17.5,8.2,33.3,5.7,0.0,9.5,34.0,136.0,99.0,22.6,H,0.0,1.0,W,25.0,CLE(15-18),28.133333333333333
185.0,7.0,2016-05-06,ECS,CLE,ATL,3.0,W (+13),1.0,38:58,8.0,16.0,0.5,1.0,4.0,0.25,7.0,9.0,0.778,2.0,11.0,13.0,8.0,2.0,0.0,5.0,2.0,24.0,21.7,17.0,0.601,0.531,6.2,31.5,19.3,30.7,2.6,0.0,20.0,26.8,125.0,110.0,21.7,@,1.0,0.0,W,13.0,CLE(15-18),38.96666666666667
186.0,8.0,2016-05-08,ECS,CLE,ATL,4.0,W (+1),1.0,37:52,10.0,23.0,0.435,1.0,5.0,0.2,0.0,3.0,0.0,5.0,5.0,10.0,9.0,2.0,1.0,6.0,2.0,21.0,14.9,2.0,0.432,0.457,13.5,17.6,15.3,45.1,2.8,2.4,19.8,35.4,93.0,106.0,14.9,@,1.0,0.0,W,1.0,CLE(15-18),37.86666666666667
187.0,9.0,2016-05-17,ECF,CLE,TOR,1.0,W (+31),1.0,28:18,11.0,13.0,0.846,0.0,1.0,0.0,2.0,4.0,0.5,2.0,4.0,6.0,4.0,2.0,1.0,4.0,3.0,24.0,21.4,20.0,0.813,0.846,11.7,17.4,15.0,30.4,3.7,3.3,21.3,30.4,130.0,86.0,21.4,H,0.0,1.0,W,31.0,CLE(15-18),28.3
188.0,10.0,2016-05-19,ECF,CLE,TOR,2.0,W (+19),1.0,33:45,7.0,13.0,0.538,0.0,2.0,0.0,9.0,17.0,0.529,1.0,10.0,11.0,11.0,3.0,0.0,2.0,2.0,23.0,25.1,16.0,0.562,0.538,3.7,30.9,18.6,55.8,4.6,0.0,8.9,31.6,122.0,86.0,25.1,H,0.0,1.0,W,19.0,CLE(15-18),33.75
189.0,11.0,2016-05-21,ECF,CLE,TOR,3.0,L (-15),1.0,38:50,9.0,17.0,0.529,1.0,5.0,0.2,5.0,7.0,0.714,4.0,4.0,8.0,5.0,2.0,0.0,2.0,3.0,24.0,21.2,-12.0,0.598,0.559,9.9,11.2,10.5,36.6,2.9,0.0,9.1,28.7,123.0,116.0,21.2,@,1.0,0.0,L,-15.0,CLE(15-18),38.833333333333336
190.0,12.0,2016-05-23,ECF,CLE,TOR,4.0,L (-6),1.0,45:48,11.0,16.0,0.688,1.0,3.0,0.333,6.0,6.0,1.0,4.0,5.0,9.0,6.0,2.0,1.0,1.0,3.0,29.0,31.2,-3.0,0.778,0.719,11.6,14.2,12.9,22.9,2.5,1.9,5.1,21.2,165.0,121.0,31.2,@,1.0,0.0,L,-6.0,CLE(15-18),45.8
191.0,13.0,2016-05-25,ECF,CLE,TOR,5.0,W (+38),1.0,31:30,10.0,17.0,0.588,2.0,4.0,0.5,1.0,3.0,0.333,0.0,6.0,6.0,8.0,2.0,1.0,2.0,2.0,23.0,21.6,32.0,0.628,0.647,0.0,21.3,12.2,42.4,3.3,2.9,9.8,29.9,132.0,80.0,21.6,H,0.0,1.0,W,38.0,CLE(15-18),31.5
192.0,14.0,2016-05-27,ECF,CLE,TOR,6.0,W (+26),1.0,41:15,13.0,22.0,0.591,3.0,6.0,0.5,4.0,7.0,0.571,2.0,9.0,11.0,6.0,1.0,3.0,3.0,2.0,33.0,29.2,22.0,0.658,0.659,7.8,25.5,18.0,28.1,1.3,6.5,10.7,35.0,128.0,93.0,29.2,@,1.0,0.0,W,26.0,CLE(15-18),41.25
193.0,15.0,2016-06-02,FIN,CLE,GSW,1.0,L (-15),1.0,40:53,9.0,21.0,0.429,2.0,4.0,0.5,3.0,4.0,0.75,4.0,8.0,12.0,9.0,2.0,1.0,4.0,2.0,23.0,20.9,-9.0,0.505,0.476,10.0,22.9,16.0,49.3,2.6,2.0,14.9,29.1,108.0,112.0,20.9,@,1.0,0.0,L,-15.0,CLE(15-18),40.88333333333333
194.0,16.0,2016-06-05,FIN,CLE,GSW,2.0,L (-33),1.0,33:38,7.0,17.0,0.412,1.0,5.0,0.2,4.0,4.0,1.0,0.0,8.0,8.0,9.0,4.0,1.0,7.0,3.0,19.0,15.1,-20.0,0.506,0.441,0.0,30.9,14.3,71.3,6.1,3.0,27.2,34.5,86.0,106.0,15.1,@,1.0,0.0,L,-33.0,CLE(15-18),33.63333333333333
195.0,17.0,2016-06-08,FIN,CLE,GSW,3.0,W (+30),1.0,40:04,14.0,26.0,0.538,1.0,2.0,0.5,3.0,5.0,0.6,2.0,9.0,11.0,6.0,1.0,2.0,5.0,2.0,32.0,23.5,24.0,0.567,0.558,5.8,25.1,15.7,23.0,1.3,5.6,15.1,35.7,115.0,92.0,23.5,H,0.0,1.0,W,30.0,CLE(15-18),40.06666666666667
196.0,18.0,2016-06-10,FIN,CLE,GSW,4.0,L (-11),1.0,45:34,11.0,21.0,0.524,1.0,5.0,0.2,2.0,4.0,0.5,4.0,9.0,13.0,9.0,2.0,3.0,7.0,4.0,25.0,21.2,-12.0,0.549,0.548,9.4,24.9,16.5,35.9,2.5,7.0,23.5,30.3,104.0,119.0,21.2,H,0.0,1.0,L,-11.0,CLE(15-18),45.56666666666667
197.0,19.0,2016-06-13,FIN,CLE,GSW,5.0,W (+15),1.0,42:38,16.0,30.0,0.533,4.0,8.0,0.5,5.0,8.0,0.625,4.0,12.0,16.0,7.0,3.0,3.0,2.0,1.0,41.0,39.2,13.0,0.612,0.6,11.9,29.4,21.4,30.3,3.4,7.5,5.6,36.6,132.0,89.0,39.2,@,1.0,0.0,W,15.0,CLE(15-18),42.63333333333333
198.0,20.0,2016-06-16,FIN,CLE,GSW,6.0,W (+14),1.0,42:35,16.0,27.0,0.593,3.0,6.0,0.5,6.0,8.0,0.75,2.0,6.0,8.0,11.0,4.0,3.0,1.0,3.0,41.0,42.5,26.0,0.672,0.648,6.6,14.7,11.3,56.5,4.8,7.9,3.2,35.1,147.0,100.0,42.5,H,0.0,1.0,W,14.0,CLE(15-18),42.583333333333336
199.0,21.0,2016-06-19,FIN,CLE,GSW,7.0,W (+4),1.0,46:49,9.0,24.0,0.375,1.0,5.0,0.2,8.0,10.0,0.8,1.0,10.0,11.0,11.0,2.0,3.0,5.0,1.0,27.0,23.1,4.0,0.475,0.396,2.5,22.3,13.0,47.4,2.3,7.3,15.0,32.9,98.0,92.0,23.1,@,1.0,0.0,W,4.0,CLE(15-18),46.81666666666667
200.0,1.0,2017-04-15,EC1,CLE,IND,1.0,W (+1),1.0,42:44,12.0,20.0,0.6,2.0,3.0,0.667,6.0,9.0,0.667,1.0,5.0,6.0,13.0,3.0,0.0,3.0,3.0,32.0,31.7,5.0,0.668,0.65,2.9,15.6,9.0,51.2,3.8,0.0,11.1,30.0,138.0,117.0,31.7,H,0.0,1.0,W,1.0,CLE(15-18),42.733333333333334
201.0,2.0,2017-04-17,EC1,CLE,IND,2.0,W (+6),1.0,42:16,11.0,20.0,0.55,0.0,2.0,0.0,3.0,6.0,0.5,0.0,10.0,10.0,7.0,4.0,4.0,8.0,2.0,25.0,20.1,6.0,0.552,0.55,0.0,29.1,16.2,26.9,4.8,7.1,26.1,33.4,94.0,102.0,20.1,H,0.0,1.0,W,6.0,CLE(15-18),42.266666666666666
202.0,3.0,2017-04-20,EC1,CLE,IND,3.0,W (+5),1.0,45:13,14.0,27.0,0.519,6.0,12.0,0.5,7.0,14.0,0.5,1.0,12.0,13.0,12.0,1.0,2.0,3.0,4.0,41.0,35.4,13.0,0.618,0.63,2.5,26.0,15.0,52.8,1.1,3.9,8.3,35.5,130.0,114.0,35.4,@,1.0,0.0,W,5.0,CLE(15-18),45.21666666666667
203.0,4.0,2017-04-23,EC1,CLE,IND,4.0,W (+4),1.0,44:44,13.0,25.0,0.52,1.0,3.0,0.333,6.0,9.0,0.667,0.0,10.0,10.0,4.0,4.0,2.0,4.0,1.0,33.0,26.3,4.0,0.57,0.54,0.0,25.5,11.9,18.6,4.4,3.7,12.1,30.8,112.0,97.0,26.3,@,1.0,0.0,W,4.0,CLE(15-18),44.733333333333334
204.0,5.0,2017-05-01,ECS,CLE,TOR,1.0,W (+11),1.0,41:02,13.0,23.0,0.565,2.0,5.0,0.4,7.0,8.0,0.875,2.0,8.0,10.0,4.0,1.0,1.0,3.0,2.0,35.0,28.2,16.0,0.66,0.609,5.6,19.9,13.1,19.7,1.2,1.9,10.2,31.5,124.0,105.0,28.2,H,0.0,1.0,W,11.0,CLE(15-18),41.03333333333333
205.0,6.0,2017-05-03,ECS,CLE,TOR,2.0,W (+22),1.0,36:36,10.0,14.0,0.714,4.0,6.0,0.667,15.0,21.0,0.714,1.0,5.0,6.0,4.0,3.0,2.0,3.0,3.0,39.0,36.0,24.0,0.839,0.857,3.7,15.6,10.2,18.8,4.0,3.6,11.4,32.5,151.0,97.0,36.0,H,0.0,1.0,W,22.0,CLE(15-18),36.6
206.0,7.0,2017-05-05,ECS,CLE,TOR,3.0,W (+21),1.0,40:38,9.0,16.0,0.563,2.0,4.0,0.5,15.0,16.0,0.938,0.0,8.0,8.0,7.0,1.0,0.0,5.0,1.0,35.0,29.9,20.0,0.76,0.625,0.0,22.5,12.8,29.1,1.2,0.0,17.8,31.8,139.0,100.0,29.9,@,1.0,0.0,W,21.0,CLE(15-18),40.63333333333333
207.0,8.0,2017-05-07,ECS,CLE,TOR,4.0,W (+7),1.0,46:11,11.0,22.0,0.5,5.0,12.0,0.417,8.0,9.0,0.889,1.0,8.0,9.0,6.0,0.0,1.0,6.0,1.0,35.0,25.2,7.0,0.674,0.614,3.1,20.8,12.6,22.6,0.0,1.9,18.8,33.5,115.0,114.0,25.2,@,1.0,0.0,W,7.0,CLE(15-18),46.18333333333333
208.0,9.0,2017-05-17,ECF,CLE,BOS,1.0,W (+13),1.0,41:58,14.0,24.0,0.583,1.0,6.0,0.167,9.0,11.0,0.818,2.0,7.0,9.0,7.0,2.0,0.0,2.0,2.0,38.0,33.6,17.0,0.659,0.604,5.9,17.8,12.3,34.8,2.5,0.0,6.5,33.8,141.0,111.0,33.6,@,1.0,0.0,W,13.0,CLE(15-18),41.96666666666667
209.0,10.0,2017-05-19,ECF,CLE,BOS,2.0,W (+44),1.0,32:48,12.0,18.0,0.667,4.0,6.0,0.667,2.0,4.0,0.5,0.0,4.0,4.0,7.0,4.0,3.0,1.0,1.0,30.0,32.2,46.0,0.759,0.778,0.0,12.7,7.0,33.7,6.0,7.4,4.8,28.4,154.0,77.0,32.2,@,1.0,0.0,W,44.0,CLE(15-18),32.8
210.0,11.0,2017-05-21,ECF,CLE,BOS,3.0,L (-3),1.0,45:03,4.0,13.0,0.308,0.0,4.0,0.0,3.0,6.0,0.5,1.0,5.0,6.0,6.0,1.0,1.0,6.0,2.0,11.0,3.6,1.0,0.352,0.308,2.8,11.6,7.6,23.0,1.2,2.1,27.7,22.9,74.0,124.0,3.6,H,0.0,1.0,L,-3.0,CLE(15-18),45.05
211.0,12.0,2017-05-23,ECF,CLE,BOS,4.0,W (+13),1.0,38:16,15.0,27.0,0.556,1.0,6.0,0.167,3.0,4.0,0.75,0.0,5.0,5.0,6.0,1.0,1.0,5.0,4.0,34.0,21.5,7.0,0.591,0.574,0.0,15.7,9.5,29.9,1.4,2.6,14.8,44.4,107.0,109.0,21.5,H,0.0,1.0,W,13.0,CLE(15-18),38.266666666666666
212.0,13.0,2017-05-25,ECF,CLE,BOS,5.0,W (+33),1.0,34:44,13.0,18.0,0.722,4.0,7.0,0.571,5.0,8.0,0.625,1.0,7.0,8.0,8.0,3.0,1.0,2.0,4.0,35.0,34.9,36.0,0.813,0.833,4.2,22.0,14.4,36.8,4.2,2.5,8.5,30.5,159.0,97.0,34.9,@,1.0,0.0,W,33.0,CLE(15-18),34.733333333333334
213.0,14.0,2017-06-01,FIN,CLE,GSW,1.0,L (-22),1.0,40:02,9.0,20.0,0.45,2.0,6.0,0.333,8.0,12.0,0.667,3.0,12.0,15.0,8.0,0.0,2.0,8.0,4.0,28.0,19.1,-22.0,0.554,0.5,7.1,24.8,16.5,49.9,0.0,3.3,24.0,34.1,99.0,108.0,19.1,@,1.0,0.0,L,-22.0,CLE(15-18),40.03333333333333
214.0,15.0,2017-06-04,FIN,CLE,GSW,2.0,L (-19),1.0,39:22,12.0,18.0,0.667,1.0,3.0,0.333,4.0,5.0,0.8,0.0,11.0,11.0,14.0,3.0,1.0,4.0,2.0,29.0,32.8,-11.0,0.718,0.694,0.0,32.7,14.3,56.2,3.4,2.7,16.5,25.1,131.0,117.0,32.8,@,1.0,0.0,L,-19.0,CLE(15-18),39.36666666666667
215.0,16.0,2017-06-07,FIN,CLE,GSW,3.0,L (-5),1.0,45:37,15.0,27.0,0.556,4.0,9.0,0.444,5.0,6.0,0.833,3.0,8.0,11.0,9.0,1.0,1.0,5.0,2.0,39.0,32.4,7.0,0.658,0.63,6.9,24.1,14.3,39.1,1.0,2.1,14.4,32.3,126.0,118.0,32.4,H,0.0,1.0,L,-5.0,CLE(15-18),45.61666666666667
216.0,17.0,2017-06-09,FIN,CLE,GSW,4.0,W (+21),1.0,40:46,11.0,22.0,0.5,3.0,8.0,0.375,6.0,10.0,0.6,1.0,9.0,10.0,11.0,1.0,0.0,2.0,2.0,31.0,27.7,32.0,0.587,0.568,3.4,23.0,14.5,39.2,1.2,0.0,7.0,30.0,139.0,117.0,27.7,H,0.0,1.0,W,21.0,CLE(15-18),40.766666666666666
217.0,18.0,2017-06-12,FIN,CLE,GSW,5.0,L (-9),1.0,46:13,19.0,30.0,0.633,2.0,5.0,0.4,1.0,4.0,0.25,2.0,11.0,13.0,8.0,2.0,1.0,2.0,3.0,41.0,36.2,-13.0,0.645,0.667,5.1,27.9,16.5,30.5,2.1,2.0,5.9,31.3,136.0,124.0,36.2,@,1.0,0.0,L,-9.0,CLE(15-18),46.21666666666667
218.0,1.0,2018-04-15,EC1,CLE,IND,1.0,L (-18),1.0,43:56,7.0,17.0,0.412,0.0,4.0,0.0,10.0,14.0,0.714,3.0,7.0,10.0,12.0,1.0,1.0,3.0,2.0,24.0,23.8,-13.0,0.518,0.412,7.3,17.0,12.1,58.7,1.2,2.1,11.5,27.8,114.0,107.0,23.8,H,0.0,1.0,L,-18.0,CLE(15-18),43.93333333333333
219.0,2.0,2018-04-18,EC1,CLE,IND,2.0,W (+3),1.0,39:53,17.0,24.0,0.708,2.0,5.0,0.4,10.0,13.0,0.769,1.0,11.0,12.0,5.0,2.0,0.0,3.0,1.0,46.0,40.9,7.0,0.774,0.75,3.3,45.7,21.9,36.4,2.6,0.0,9.2,40.3,146.0,102.0,40.9,H,0.0,1.0,W,3.0,CLE(15-18),39.88333333333333
220.0,3.0,2018-04-20,EC1,CLE,IND,3.0,L (-2),1.0,41:41,10.0,22.0,0.455,4.0,7.0,0.571,4.0,6.0,0.667,3.0,9.0,12.0,8.0,1.0,1.0,6.0,1.0,28.0,21.5,-1.0,0.568,0.545,8.9,30.5,18.9,41.0,1.3,2.5,19.6,35.3,106.0,103.0,21.5,@,1.0,0.0,L,-2.0,CLE(15-18),41.68333333333333
221.0,4.0,2018-04-22,EC1,CLE,IND,4.0,W (+4),1.0,46:09,12.0,22.0,0.545,0.0,5.0,0.0,8.0,9.0,0.889,2.0,11.0,13.0,7.0,0.0,2.0,1.0,3.0,32.0,29.8,3.0,0.616,0.545,4.7,23.8,14.7,32.3,0.0,3.5,3.7,27.9,135.0,107.0,29.8,@,1.0,0.0,W,4.0,CLE(15-18),46.15
222.0,5.0,2018-04-25,EC1,CLE,IND,5.0,W (+3),1.0,41:49,14.0,24.0,0.583,1.0,4.0,0.25,15.0,15.0,1.0,3.0,7.0,10.0,8.0,1.0,1.0,5.0,3.0,44.0,38.1,2.0,0.719,0.604,9.3,23.6,16.2,61.5,1.3,2.3,14.0,40.5,139.0,107.0,38.1,H,0.0,1.0,W,3.0,CLE(15-18),41.81666666666667
223.0,6.0,2018-04-27,EC1,CLE,IND,6.0,L (-34),1.0,31:11,7.0,16.0,0.438,3.0,6.0,0.5,5.0,5.0,1.0,0.0,5.0,5.0,7.0,1.0,2.0,4.0,3.0,22.0,17.2,-24.0,0.604,0.531,0.0,22.0,9.9,48.5,1.7,5.4,18.0,34.2,111.0,127.0,17.2,@,1.0,0.0,L,-34.0,CLE(15-18),31.183333333333334
224.0,7.0,2018-04-29,EC1,CLE,IND,7.0,W (+4),1.0,43:25,16.0,25.0,0.64,2.0,3.0,0.667,11.0,15.0,0.733,2.0,6.0,8.0,7.0,4.0,0.0,4.0,4.0,45.0,38.8,-2.0,0.712,0.68,5.3,17.0,10.9,54.1,5.1,0.0,11.2,38.0,140.0,108.0,38.8,H,0.0,1.0,W,4.0,CLE(15-18),43.416666666666664
225.0,8.0,2018-05-01,ECS,CLE,TOR,1.0,W (+1),1.0,46:56,12.0,30.0,0.4,1.0,8.0,0.125,1.0,6.0,0.167,0.0,11.0,11.0,13.0,1.0,2.0,1.0,2.0,26.0,20.8,5.0,0.398,0.417,0.0,26.4,13.1,51.6,1.1,3.6,3.0,32.7,101.0,108.0,20.8,@,1.0,0.0,W,1.0,CLE(15-18),46.93333333333333
226.0,9.0,2018-05-03,ECS,CLE,TOR,2.0,W (+18),1.0,40:30,19.0,28.0,0.679,1.0,3.0,0.333,4.0,8.0,0.5,1.0,7.0,8.0,14.0,1.0,0.0,1.0,1.0,43.0,41.6,20.0,0.682,0.696,3.4,24.4,13.7,60.4,1.3,0.0,3.1,39.7,148.0,121.0,41.6,@,1.0,0.0,W,18.0,CLE(15-18),40.5
227.0,10.0,2018-05-05,ECS,CLE,TOR,3.0,W (+2),1.0,41:16,14.0,26.0,0.538,1.0,4.0,0.25,9.0,11.0,0.818,1.0,5.0,6.0,7.0,3.0,1.0,4.0,1.0,38.0,31.0,2.0,0.616,0.558,3.3,13.8,9.1,37.5,3.9,2.8,11.5,40.5,119.0,108.0,31.0,H,0.0,1.0,W,2.0,CLE(15-18),41.266666666666666
228.0,11.0,2018-05-07,ECS,CLE,TOR,4.0,W (+35),1.0,38:24,12.0,19.0,0.632,0.0,3.0,0.0,5.0,8.0,0.625,0.0,8.0,8.0,11.0,2.0,1.0,2.0,2.0,29.0,29.3,28.0,0.644,0.632,0.0,25.0,14.5,39.3,2.7,2.0,8.2,29.8,137.0,97.0,29.3,H,0.0,1.0,W,35.0,CLE(15-18),38.4
229.0,12.0,2018-05-13,ECF,CLE,BOS,1.0,L (-25),1.0,36:07,5.0,16.0,0.313,0.0,5.0,0.0,5.0,6.0,0.833,0.0,7.0,7.0,9.0,0.0,2.0,7.0,1.0,15.0,7.8,-32.0,0.402,0.313,0.0,25.1,10.6,49.1,0.0,4.9,27.3,32.8,71.0,115.0,7.8,@,1.0,0.0,L,-25.0,CLE(15-18),36.11666666666667
230.0,13.0,2018-05-15,ECF,CLE,BOS,2.0,L (-13),1.0,38:46,16.0,29.0,0.552,5.0,11.0,0.455,5.0,10.0,0.5,1.0,9.0,10.0,12.0,0.0,1.0,6.0,3.0,42.0,31.4,-9.0,0.629,0.638,2.9,23.2,13.6,86.4,0.0,2.0,15.2,47.6,118.0,114.0,31.4,@,1.0,0.0,L,-13.0,CLE(15-18),38.766666666666666
231.0,14.0,2018-05-19,ECF,CLE,BOS,3.0,W (+30),1.0,37:30,8.0,12.0,0.667,3.0,3.0,1.0,8.0,10.0,0.8,1.0,4.0,5.0,12.0,2.0,2.0,3.0,3.0,27.0,30.5,31.0,0.823,0.792,3.6,11.9,8.1,57.4,2.7,4.9,15.5,24.1,160.0,89.0,30.5,H,0.0,1.0,W,30.0,CLE(15-18),37.5
232.0,15.0,2018-05-21,ECF,CLE,BOS,4.0,W (+9),1.0,41:53,17.0,28.0,0.607,1.0,4.0,0.25,9.0,13.0,0.692,1.0,4.0,5.0,3.0,2.0,0.0,7.0,3.0,44.0,27.4,9.0,0.652,0.625,3.1,9.8,6.8,16.0,2.3,0.0,17.2,41.8,114.0,106.0,27.4,H,0.0,1.0,W,9.0,CLE(15-18),41.88333333333333
233.0,16.0,2018-05-23,ECF,CLE,BOS,5.0,L (-13),1.0,39:16,11.0,22.0,0.5,1.0,6.0,0.167,3.0,4.0,0.75,0.0,10.0,10.0,5.0,1.0,0.0,6.0,2.0,26.0,15.3,-11.0,0.547,0.523,0.0,28.4,14.6,34.8,1.3,0.0,20.2,37.4,89.0,102.0,15.3,@,1.0,0.0,L,-13.0,CLE(15-18),39.266666666666666
234.0,17.0,2018-05-25,ECF,CLE,BOS,6.0,W (+10),1.0,46:06,17.0,33.0,0.515,5.0,7.0,0.714,7.0,11.0,0.636,3.0,8.0,11.0,9.0,3.0,1.0,3.0,2.0,46.0,38.8,15.0,0.608,0.591,7.6,24.5,15.3,40.2,3.5,2.3,7.3,40.2,135.0,109.0,38.8,H,0.0,1.0,W,10.0,CLE(15-18),46.1
235.0,18.0,2018-05-27,ECF,CLE,BOS,7.0,W (+8),1.0,48:00,12.0,24.0,0.5,3.0,8.0,0.375,8.0,11.0,0.727,0.0,15.0,15.0,9.0,0.0,2.0,8.0,4.0,35.0,24.4,8.0,0.607,0.563,0.0,30.0,18.1,50.0,0.0,4.3,21.7,41.4,103.0,87.0,24.4,@,1.0,0.0,W,8.0,CLE(15-18),48.0
236.0,19.0,2018-05-31,FIN,CLE,GSW,1.0,L (-10),1.0,47:32,19.0,32.0,0.594,3.0,7.0,0.429,10.0,11.0,0.909,4.0,4.0,8.0,8.0,1.0,1.0,5.0,2.0,51.0,41.3,-13.0,0.692,0.641,8.4,11.7,9.8,39.1,1.1,2.1,12.0,39.0,138.0,125.0,41.3,@,1.0,0.0,L,-10.0,CLE(15-18),47.53333333333333
237.0,20.0,2018-06-03,FIN,CLE,GSW,2.0,L (-19),1.0,43:51,10.0,20.0,0.5,2.0,4.0,0.5,7.0,9.0,0.778,1.0,8.0,9.0,13.0,2.0,0.0,5.0,2.0,29.0,26.6,-18.0,0.605,0.55,2.2,26.5,11.9,54.6,2.3,0.0,17.3,28.4,119.0,130.0,26.6,@,1.0,0.0,L,-19.0,CLE(15-18),43.85
238.0,21.0,2018-06-06,FIN,CLE,GSW,3.0,L (-8),1.0,46:52,13.0,28.0,0.464,1.0,6.0,0.167,6.0,7.0,0.857,3.0,7.0,10.0,11.0,2.0,2.0,4.0,2.0,33.0,28.7,-8.0,0.531,0.482,6.7,18.9,12.2,42.2,2.2,3.7,11.4,31.9,117.0,114.0,28.7,H,0.0,1.0,L,-8.0,CLE(15-18),46.86666666666667
239.0,22.0,2018-06-08,FIN,CLE,GSW,4.0,L (-23),1.0,40:34,7.0,13.0,0.538,0.0,1.0,0.0,9.0,11.0,0.818,1.0,6.0,7.0,8.0,0.0,1.0,6.0,5.0,23.0,16.7,-21.0,0.645,0.538,2.3,19.2,9.4,43.6,0.0,2.5,25.2,25.9,109.0,126.0,16.7,H,0.0,1.0,L,-23.0,CLE(15-18),40.56666666666667
240.0,1.0,2020-08-18,WC1,LAL,POR,1.0,L (-7),1.0,41:03,9.0,20.0,0.45,1.0,5.0,0.2,4.0,7.0,0.571,2.0,15.0,17.0,16.0,1.0,0.0,4.0,1.0,23.0,25.1,-3.0,0.498,0.475,3.8,40.8,18.9,79.7,1.2,0.0,14.8,26.5,106.0,99.0,25.1,H,0.0,1.0,L,-7.0,LAL,41.05
241.0,2.0,2020-08-20,WC1,LAL,POR,2.0,W (+23),1.0,26:41,4.0,11.0,0.364,0.0,3.0,0.0,2.0,2.0,1.0,0.0,6.0,6.0,7.0,2.0,0.0,6.0,1.0,10.0,6.2,23.0,0.421,0.364,0.0,23.5,11.9,34.2,3.8,0.0,33.6,29.1,78.0,87.0,6.2,H,0.0,1.0,W,23.0,LAL,26.683333333333334
242.0,3.0,2020-08-22,WC1,LAL,POR,3.0,W (+8),1.0,34:29,11.0,18.0,0.611,4.0,8.0,0.5,12.0,17.0,0.706,1.0,11.0,12.0,8.0,2.0,0.0,8.0,3.0,38.0,30.2,2.0,0.746,0.722,3.2,30.6,18.0,47.0,2.7,0.0,23.9,40.9,119.0,101.0,30.2,@,1.0,0.0,W,8.0,LAL,34.483333333333334
243.0,4.0,2020-08-24,WC1,LAL,POR,4.0,W (+20),1.0,28:18,10.0,12.0,0.833,4.0,5.0,0.8,6.0,8.0,0.75,1.0,5.0,6.0,10.0,0.0,1.0,2.0,2.0,30.0,31.9,17.0,0.966,1.0,4.6,18.4,12.3,52.9,0.0,2.8,11.4,26.0,182.0,117.0,31.9,@,1.0,0.0,W,20.0,LAL,28.3
244.0,5.0,2020-08-29,WC1,LAL,POR,5.0,W (+9),1.0,33:52,14.0,19.0,0.737,4.0,7.0,0.571,4.0,4.0,1.0,0.0,10.0,10.0,10.0,1.0,1.0,5.0,1.0,36.0,34.6,20.0,0.867,0.842,0.0,32.2,16.9,50.3,1.3,2.1,19.4,31.4,144.0,109.0,34.6,H,0.0,1.0,W,9.0,LAL,33.86666666666667
245.0,6.0,2020-09-04,WCS,LAL,HOU,1.0,L (-15),1.0,36:34,7.0,15.0,0.467,2.0,7.0,0.286,4.0,5.0,0.8,1.0,7.0,8.0,7.0,0.0,2.0,4.0,2.0,20.0,16.2,-15.0,0.581,0.533,2.8,26.3,12.8,35.6,0.0,6.3,18.9,26.2,109.0,116.0,16.2,H,0.0,1.0,L,-15.0,LAL,36.56666666666667
246.0,7.0,2020-09-06,WCS,LAL,HOU,2.0,W (+8),1.0,39:16,10.0,17.0,0.588,1.0,5.0,0.2,7.0,10.0,0.7,0.0,11.0,11.0,9.0,4.0,2.0,7.0,3.0,28.0,25.7,15.0,0.654,0.618,0.0,33.6,17.7,31.6,5.1,9.8,24.6,32.8,111.0,101.0,25.7,H,0.0,1.0,W,8.0,LAL,39.266666666666666
247.0,8.0,2020-09-08,WCS,LAL,HOU,3.0,W (+10),1.0,37:31,13.0,23.0,0.565,4.0,9.0,0.444,6.0,10.0,0.6,0.0,7.0,7.0,5.0,1.0,4.0,2.0,1.0,36.0,30.5,8.0,0.657,0.652,0.0,22.4,12.3,24.3,1.4,10.0,6.8,37.2,130.0,106.0,30.5,@,1.0,0.0,W,10.0,LAL,37.516666666666666
248.0,9.0,2020-09-10,WCS,LAL,HOU,4.0,W (+10),1.0,33:45,7.0,17.0,0.412,0.0,5.0,0.0,2.0,3.0,0.667,1.0,14.0,15.0,9.0,3.0,0.0,4.0,2.0,16.0,15.9,15.0,0.437,0.412,3.8,48.6,27.4,38.7,4.5,0.0,17.9,28.6,97.0,100.0,15.9,@,1.0,0.0,W,10.0,LAL,33.75
249.0,10.0,2020-09-12,WCS,LAL,HOU,5.0,W (+23),1.0,30:48,9.0,18.0,0.5,3.0,8.0,0.375,8.0,10.0,0.8,2.0,9.0,11.0,7.0,2.0,1.0,4.0,2.0,29.0,26.1,19.0,0.647,0.583,11.1,26.5,21.2,43.7,3.2,3.9,15.2,38.9,128.0,89.0,26.1,H,0.0,1.0,W,23.0,LAL,30.8
250.0,11.0,2020-09-18,WCF,LAL,DEN,1.0,W (+12),1.0,30:54,6.0,11.0,0.545,0.0,2.0,0.0,3.0,4.0,0.75,1.0,5.0,6.0,12.0,0.0,0.0,3.0,2.0,15.0,16.1,15.0,0.588,0.545,4.1,23.5,13.1,53.8,0.0,0.0,19.0,22.2,126.0,121.0,16.1,H,0.0,1.0,W,12.0,LAL,30.9
251.0,12.0,2020-09-20,WCF,LAL,DEN,2.0,W (+2),1.0,36:25,10.0,20.0,0.5,3.0,8.0,0.375,3.0,4.0,0.75,2.0,9.0,11.0,4.0,0.0,2.0,6.0,2.0,26.0,17.1,-9.0,0.597,0.575,7.1,31.2,19.3,22.1,0.0,5.3,21.6,32.0,104.0,105.0,17.1,H,0.0,1.0,W,2.0,LAL,36.416666666666664
252.0,13.0,2020-09-22,WCF,LAL,DEN,3.0,L (-8),1.0,37:15,14.0,23.0,0.609,1.0,4.0,0.25,1.0,2.0,0.5,1.0,9.0,10.0,11.0,2.0,2.0,6.0,1.0,30.0,27.2,2.0,0.628,0.63,3.3,38.7,18.7,56.8,2.6,5.9,20.1,35.4,108.0,110.0,27.2,@,1.0,0.0,L,-8.0,LAL,37.25
253.0,14.0,2020-09-24,WCF,LAL,DEN,4.0,W (+6),1.0,38:21,7.0,18.0,0.389,1.0,3.0,0.333,11.0,14.0,0.786,1.0,8.0,9.0,8.0,0.0,0.0,0.0,2.0,26.0,22.9,8.0,0.538,0.417,3.2,28.6,15.2,34.2,0.0,0.0,0.0,29.0,135.0,124.0,22.9,@,1.0,0.0,W,6.0,LAL,38.35
254.0,15.0,2020-09-26,WCF,LAL,DEN,5.0,W (+10),1.0,40:01,15.0,25.0,0.6,1.0,4.0,0.25,7.0,8.0,0.875,3.0,13.0,16.0,10.0,1.0,0.0,2.0,2.0,38.0,37.3,12.0,0.666,0.62,11.2,33.2,24.3,50.0,1.2,0.0,6.6,35.6,140.0,107.0,37.3,H,0.0,1.0,W,10.0,LAL,40.016666666666666
255.0,16.0,2020-09-30,FIN,LAL,MIA,1.0,W (+18),1.0,36:24,9.0,17.0,0.529,2.0,4.0,0.5,5.0,6.0,0.833,1.0,12.0,13.0,9.0,1.0,0.0,2.0,3.0,25.0,24.7,10.0,0.636,0.588,3.3,31.6,19.0,45.4,1.4,0.0,9.2,26.5,134.0,103.0,24.7,H,0.0,1.0,W,18.0,LAL,36.4
256.0,17.0,2020-10-02,FIN,LAL,MIA,2.0,W (+10),1.0,39:09,14.0,25.0,0.56,3.0,8.0,0.375,2.0,5.0,0.4,2.0,7.0,9.0,9.0,1.0,1.0,0.0,2.0,33.0,30.6,7.0,0.607,0.62,5.2,25.2,13.6,34.7,1.3,2.8,0.0,29.4,144.0,124.0,30.6,H,0.0,1.0,W,10.0,LAL,39.15
257.0,18.0,2020-10-04,FIN,LAL,MIA,3.0,L (-11),1.0,39:13,9.0,16.0,0.563,1.0,5.0,0.2,6.0,9.0,0.667,1.0,9.0,10.0,8.0,0.0,2.0,8.0,2.0,25.0,17.8,-4.0,0.626,0.594,2.7,31.5,15.3,42.6,0.0,5.3,28.6,30.9,100.0,117.0,17.8,@,1.0,0.0,L,-11.0,LAL,39.21666666666667
258.0,19.0,2020-10-06,FIN,LAL,MIA,4.0,W (+6),1.0,38:38,8.0,16.0,0.5,2.0,5.0,0.4,10.0,12.0,0.833,2.0,10.0,12.0,8.0,1.0,0.0,6.0,2.0,28.0,23.4,-2.0,0.658,0.563,5.9,31.9,18.4,39.7,1.4,0.0,22.0,32.8,117.0,105.0,23.4,@,1.0,0.0,W,6.0,LAL,38.63333333333333
259.0,20.0,2020-10-09,FIN,LAL,MIA,5.0,L (-3),1.0,41:51,15.0,21.0,0.714,6.0,9.0,0.667,4.0,6.0,0.667,3.0,10.0,13.0,7.0,3.0,0.0,4.0,1.0,40.0,39.1,7.0,0.846,0.857,9.1,30.2,19.6,38.6,3.7,0.0,14.5,29.8,152.0,115.0,39.1,H,0.0,1.0,L,-3.0,LAL,41.85
260.0,21.0,2020-10-11,FIN,LAL,MIA,6.0,W (+13),1.0,41:13,13.0,20.0,0.65,1.0,5.0,0.2,1.0,4.0,0.25,3.0,11.0,14.0,10.0,1.0,0.0,1.0,3.0,28.0,29.2,18.0,0.643,0.675,7.9,29.8,18.7,41.8,1.3,0.0,4.4,24.7,142.0,99.0,29.2,@,1.0,0.0,W,13.0,LAL,41.21666666666667
261.0,1.0,2021-05-23,WC1,LAL,PHO,1.0,L (-9),1.0,36:04,6.0,13.0,0.462,3.0,7.0,0.429,3.0,6.0,0.5,1.0,6.0,7.0,10.0,3.0,0.0,5.0,1.0,18.0,17.2,2.0,0.575,0.577,3.2,20.5,11.6,53.2,4.6,0.0,24.2,26.8,104.0,106.0,17.2,@,1.0,0.0,L,-9.0,LAL,36.06666666666667
262.0,2.0,2021-05-25,WC1,LAL,PHO,2.0,W (+7),1.0,38:54,9.0,16.0,0.563,4.0,9.0,0.444,1.0,1.0,1.0,0.0,4.0,4.0,9.0,2.0,0.0,1.0,3.0,23.0,22.7,14.0,0.7,0.688,0.0,14.1,7.1,44.6,2.7,0.0,5.7,21.4,144.0,114.0,22.7,@,1.0,0.0,W,7.0,LAL,38.9
263.0,3.0,2021-05-27,WC1,LAL,PHO,3.0,W (+14),1.0,37:45,9.0,19.0,0.474,1.0,5.0,0.2,2.0,3.0,0.667,1.0,5.0,6.0,9.0,1.0,0.0,7.0,0.0,21.0,13.4,15.0,0.517,0.5,3.0,14.4,8.9,43.1,1.3,0.0,25.6,29.1,95.0,101.0,13.4,H,0.0,1.0,W,14.0,LAL,37.75
264.0,4.0,2021-05-30,WC1,LAL,PHO,4.0,L (-8),1.0,37:50,10.0,21.0,0.476,1.0,7.0,0.143,4.0,7.0,0.571,2.0,10.0,12.0,6.0,1.0,0.0,6.0,1.0,25.0,16.3,6.0,0.519,0.5,5.2,25.4,15.4,39.4,1.3,0.0,19.9,36.3,93.0,103.0,16.3,H,0.0,1.0,L,-8.0,LAL,37.833333333333336
265.0,5.0,2021-06-01,WC1,LAL,PHO,5.0,L (-30),1.0,31:39,9.0,19.0,0.474,6.0,10.0,0.6,0.0,0.0,0.0,1.0,4.0,5.0,7.0,0.0,0.0,3.0,1.0,24.0,17.7,-24.0,0.632,0.632,2.8,13.8,7.7,69.2,0.0,0.0,13.6,30.5,118.0,117.0,17.7,@,1.0,0.0,L,-30.0,LAL,31.65
266.0,6.0,2021-06-03,WC1,LAL,PHO,6.0,L (-13),1.0,41:25,11.0,26.0,0.423,3.0,10.0,0.3,4.0,6.0,0.667,2.0,7.0,9.0,7.0,2.0,2.0,3.0,1.0,29.0,22.8,-3.0,0.506,0.481,5.2,25.4,13.5,32.1,2.7,6.1,9.5,34.9,106.0,122.0,22.8,H,0.0,1.0,L,-13.0,LAL,41.416666666666664
